experiment,corpus,policy,capacity,seed,n_queries,drift_rate,zipf_s,n_epochs,stride,hit_rate,false_hit_rate,n_hits,lat_mean_us,evict_us_per_req,policy_vectors,resident_mean,p_final,p_mean,tau
real,wildchat,LRU,50,0,20000,,,,1,0.27265,0.0,5453,6.329199782339856,2.5772015389520675,0,49.9153,,,0.8
real,wildchat,LRU,50,1,20000,,,,1,0.26945,0.0,5389,5.563945439644158,2.29235059232451,0,49.88925,,,0.8
real,wildchat,LRU,50,2,20000,,,,1,0.274,0.0,5480,5.656710435869172,2.288974408293143,0,49.90415,,,0.8
real,wildchat,LRU,50,3,20000,,,,1,0.27935,0.0,5587,5.66556440317072,2.3042319458909333,0,49.922,,,0.8
real,wildchat,LRU,50,4,20000,,,,1,0.28325,0.0,5665,6.455540133174509,2.575350209372118,0,49.87905,,,0.8
real,wildchat,LRU,50,5,20000,,,,1,0.2791,0.0,5582,5.568355129798874,2.298368647461757,0,49.93035,,,0.8
real,wildchat,LRU,50,6,20000,,,,1,0.27285,0.0,5457,5.694865947589278,2.334474306553602,0,49.90275,,,0.8
real,wildchat,LRU,50,7,20000,,,,1,0.27935,0.0,5587,5.832042876863852,2.3727816762402654,0,49.92445,,,0.8
real,wildchat,LRU,100,2,20000,,,,1,0.2852,0.0,5704,6.691217276966199,2.5110924965701997,0,99.6017,,,0.8
real,wildchat,LRU,100,3,20000,,,,1,0.2904,0.0,5808,5.968806205783039,2.280104102101177,0,99.65045,,,0.8
real,wildchat,LRU,100,4,20000,,,,1,0.2951,0.0,5902,5.997491022571921,2.2504395397845656,0,99.576,,,0.8
real,wildchat,LRU,100,5,20000,,,,1,0.2906,0.0,5812,6.621157383779064,2.5161156430840492,0,99.6897,,,0.8
real,wildchat,LRU,50,8,20000,,,,1,0.287,0.0,5740,6.2805706867948174,2.4949351034592837,0,49.90675,,,0.8
real,wildchat,LRU,50,9,20000,,,,1,0.26965,0.0,5393,5.879293370526284,2.4152074882294983,0,49.93275,,,0.8
real,wildchat,LRU,100,0,20000,,,,1,0.28405,0.0,5681,6.293194612953812,2.388493303442374,0,99.58175,,,0.8
real,wildchat,LRU,100,1,20000,,,,1,0.28295,0.0,5659,6.7973217577673495,2.5507933867629617,0,99.54575,,,0.8
real,wildchat,LRU,100,6,20000,,,,1,0.2872,0.0,5744,6.511964066885412,2.4518870399333537,0,99.6407,,,0.8
real,wildchat,LRU,100,7,20000,,,,1,0.2914,0.0,5828,6.3253320986405015,2.402021031593904,0,99.62765,,,0.8
real,wildchat,LRU,100,8,20000,,,,1,0.2987,0.0,5974,6.052909401478246,2.2513231495395303,0,99.5857,,,0.8
real,wildchat,LRU,100,9,20000,,,,1,0.2844,0.0,5688,6.671617343090475,2.5948088441509753,0,99.71385,,,0.8
real,wildchat,LRU,200,4,20000,,,,1,0.3042,0.0,6084,7.620441447943449,2.5601053494028747,0,198.4326,,,0.8
real,wildchat,LRU,200,5,20000,,,,1,0.30035,0.0,6007,6.807271199068055,2.28173557552509,0,198.5868,,,0.8
real,wildchat,LRU,200,6,20000,,,,1,0.2986,0.0,5972,7.162740849889815,2.386089018546045,0,198.47035,,,0.8
real,wildchat,LRU,200,7,20000,,,,1,0.30065,0.0,6013,8.082388387992978,2.6153982093092054,0,198.46195,,,0.8
real,wildchat,LRU,200,0,20000,,,,1,0.29255,0.0,5851,7.662414881633595,2.5756555201951414,0,198.24525,,,0.8
real,wildchat,LRU,200,1,20000,,,,1,0.29355,0.0,5871,6.985971663380042,2.362646709661931,0,198.15335,,,0.8
real,wildchat,LRU,200,2,20000,,,,1,0.2935,0.0,5870,7.169879414141178,2.4091408646199852,0,198.52795,,,0.8
real,wildchat,LRU,200,3,20000,,,,1,0.2986,0.0,5972,8.331430575344712,2.709767152555287,0,198.63165,,,0.8
real,wildchat,LRU,200,8,20000,,,,1,0.3079,0.0,6158,7.396584853995591,2.446707314811647,0,198.1871,,,0.8
real,wildchat,LRU,200,9,20000,,,,1,0.2963,0.0,5926,7.107455615187064,2.334738109493628,0,198.71125,,,0.8
real,wildchat,LRU,400,0,20000,,,,1,0.3008,0.0,6016,8.611950045451522,2.340915537206456,0,393.6596,,,0.8
real,wildchat,LRU,400,1,20000,,,,1,0.3022,0.0,6044,11.016996123362333,2.9837955778930336,0,392.7813,,,0.8
real,wildchat,LRU,400,6,20000,,,,1,0.3076,0.0,6152,9.414022194687277,2.596728241769597,0,393.84165,,,0.8
real,wildchat,LRU,400,7,20000,,,,1,0.30875,0.0,6175,8.709217549767345,2.364308765390888,0,393.90055,,,0.8
real,wildchat,LRU,400,8,20000,,,,1,0.316,0.0,6320,9.44682402187027,2.5540257047396153,0,392.7133,,,0.8
real,wildchat,LRU,400,9,20000,,,,1,0.30555,0.0,6111,10.88725850568153,3.0421082105021924,0,394.4076,,,0.8
real,wildchat,LRU,400,2,20000,,,,1,0.30165,0.0,6033,9.423021116526797,2.595908718649298,0,394.21445,,,0.8
real,wildchat,LRU,400,3,20000,,,,1,0.3069,0.0,6138,8.620278781745583,2.3563787050079554,0,394.2963,,,0.8
real,wildchat,LRU,400,4,20000,,,,1,0.3124,0.0,6248,9.486310527427122,2.6183786569163203,0,393.6738,,,0.8
real,wildchat,LRU,400,5,20000,,,,1,0.3089,0.0,6178,10.954958747606725,3.080385719658807,0,394.0022,,,0.8
real,wildchat,LRU,800,0,20000,,,,1,0.3106,0.0,6212,12.355866673169658,2.6167448435444385,0,776.33935,,,0.8
real,wildchat,LRU,800,1,20000,,,,1,0.31135,0.0,6227,12.408768374007195,2.443706797203049,0,772.8787,,,0.8
real,wildchat,LRU,800,2,20000,,,,1,0.31145,0.0,6229,15.415074035990983,3.146335919154808,0,776.0236,,,0.8
real,wildchat,LRU,800,3,20000,,,,1,0.31635,0.0,6327,12.111609312705696,2.3130638466682285,0,776.5962,,,0.8
real,wildchat,LRU,800,4,20000,,,,1,0.32175,0.0,6435,12.476486660307273,2.6889661327004433,0,775.65995,,,0.8
real,wildchat,LRU,800,5,20000,,,,1,0.31835,0.0,6367,11.980369611410424,2.4102808092720807,0,776.4316,,,0.8
real,wildchat,LRU,800,6,20000,,,,1,0.3168,0.0,6336,15.601044619688764,3.3390755124855787,0,775.083,,,0.8
real,wildchat,LRU,800,7,20000,,,,1,0.319,0.0,6380,13.105029781581834,2.5475165457464755,0,776.2465,,,0.8
real,wildchat,LFU,50,0,20000,,,,1,0.09335,0.0,1867,7.53808714216575,3.3735568169504404,0,49.9153,,,0.8
real,wildchat,LFU,50,1,20000,,,,1,0.09675,0.0,1935,7.42653114721179,3.3305587945505977,0,49.88925,,,0.8
real,wildchat,LFU,50,2,20000,,,,1,0.09745,0.0,1949,5.8492385724093765,2.5972158007789403,0,49.90415,,,0.8
real,wildchat,LFU,50,3,20000,,,,1,0.0976,0.0,1952,6.155871489318088,2.7363709930796176,0,49.922,,,0.8
real,wildchat,LFU,50,4,20000,,,,1,0.09875,0.0,1975,7.417456404073164,3.3341475122142583,0,49.87905,,,0.8
real,wildchat,LFU,50,5,20000,,,,1,0.0957,0.0,1914,7.43792864959687,3.4058029123116285,0,49.93035,,,0.8
real,wildchat,LFU,50,6,20000,,,,1,0.10105,0.0,2021,6.481262121815234,2.8856861288659275,0,49.90275,,,0.8
real,wildchat,LFU,50,7,20000,,,,1,0.10135,0.0,2027,6.2172177247703075,2.796894306084141,0,49.92445,,,0.8
real,wildchat,LFU,50,8,20000,,,,1,0.1005,0.0,2010,7.447437924565747,3.352914977585897,0,49.90675,,,0.8
real,wildchat,LFU,50,9,20000,,,,1,0.1063,0.0,2126,6.893432926153764,3.062836331082508,0,49.93275,,,0.8
real,wildchat,LFU,100,0,20000,,,,1,0.1165,0.0,2330,6.958604761166498,2.8860976570285857,0,99.58175,,,0.8
real,wildchat,LFU,100,1,20000,,,,1,0.11765,0.0,2353,6.945886340690777,2.881278714630753,0,99.54575,,,0.8
real,wildchat,LFU,100,2,20000,,,,1,0.11395,0.0,2279,7.962601614417508,3.3590785751584917,0,99.6017,,,0.8
real,wildchat,LFU,100,3,20000,,,,1,0.12415,0.0,2483,7.1135853650048375,2.9666312329936773,0,99.65045,,,0.8
real,wildchat,LFU,100,4,20000,,,,1,0.1213,0.0,2426,6.587222323287278,2.717591793043539,0,99.576,,,0.8
real,wildchat,LFU,100,5,20000,,,,1,0.12035,0.0,2407,7.200610509607941,2.933174220379442,0,99.6897,,,0.8
real,wildchat,LFU,100,6,20000,,,,1,0.11795,0.0,2359,7.835477835033089,3.2580406113993376,0,99.6407,,,0.8
real,wildchat,LFU,100,7,20000,,,,1,0.1215,0.0,2430,6.8461134971585125,2.7955118392128497,0,99.62765,,,0.8
real,wildchat,LFU,100,8,20000,,,,1,0.1208,0.0,2416,7.403738488210365,2.9790562228299677,0,99.5857,,,0.8
real,wildchat,LFU,100,9,20000,,,,1,0.1222,0.0,2444,6.720469816355035,2.7243073156569153,0,99.71385,,,0.8
real,wildchat,LFU,200,0,20000,,,,1,0.14035,0.0,2807,8.160767809022218,3.0412883148528636,0,198.24525,,,0.8
real,wildchat,LFU,200,1,20000,,,,1,0.14365,0.0,2873,7.728912524180487,2.8414534695912153,0,198.15335,,,0.8
real,wildchat,LFU,200,2,20000,,,,1,0.14265,0.0,2853,7.680884067667648,2.695850486634299,0,198.52795,,,0.8
real,wildchat,LFU,200,3,20000,,,,1,0.14745,0.0,2949,8.367211179574952,2.8678319591563195,0,198.63165,,,0.8
real,wildchat,LFU,200,4,20000,,,,1,0.1452,0.0,2904,8.00530489650555,2.862843725597486,0,198.4326,,,0.8
real,wildchat,LFU,200,5,20000,,,,1,0.1446,0.0,2892,7.876100990688428,2.843094785930589,0,198.5868,,,0.8
real,wildchat,LFU,200,6,20000,,,,1,0.13985,0.0,2797,8.297410659724846,2.8908593056257814,0,198.47035,,,0.8
real,wildchat,LFU,200,7,20000,,,,1,0.14455,0.0,2891,8.553076459793374,2.9308770259376615,0,198.46195,,,0.8
real,wildchat,LFU,200,8,20000,,,,1,0.14845,0.0,2969,7.792296959087253,2.7746538224164397,0,198.1871,,,0.8
real,wildchat,LFU,200,9,20000,,,,1,0.1483,0.0,2966,8.375032135518268,2.878543036058545,0,198.71125,,,0.8
real,wildchat,LFU,400,0,20000,,,,1,0.17215,0.0,3443,11.853015690576285,3.2181326940190047,0,393.6596,,,0.8
real,wildchat,LFU,400,1,20000,,,,1,0.1787,0.0,3574,11.811236693756655,3.2187055854592472,0,392.7813,,,0.8
real,wildchat,FIFO,50,0,20000,,,,1,0.26535,0.0,5307,6.014178565237671,2.1646785258781165,0,49.9153,,,0.8
real,wildchat,FIFO,50,1,20000,,,,1,0.2637,0.0,5274,5.974100611638278,2.15050948318094,0,49.88925,,,0.8
real,wildchat,FIFO,50,2,20000,,,,1,0.2667,0.0,5334,6.333446019561961,2.348548686131835,0,49.90415,,,0.8
real,wildchat,FIFO,50,3,20000,,,,1,0.2725,0.0,5450,5.920674483058974,2.115218131802976,0,49.922,,,0.8
real,wildchat,LFU,400,6,20000,,,,1,0.17725,0.0,3545,9.91844764794223,2.8275286371354014,0,393.84165,,,0.8
real,wildchat,LFU,400,7,20000,,,,1,0.17195,0.0,3439,10.589672822970897,2.817409497220069,0,393.90055,,,0.8
real,wildchat,LFU,400,8,20000,,,,1,0.1894,0.0,3788,11.397894693072885,3.154663252644241,0,392.7133,,,0.8
real,wildchat,LFU,400,9,20000,,,,1,0.1778,0.0,3556,12.151420256122947,3.3815923205111176,0,394.4076,,,0.8
real,wildchat,LFU,400,2,20000,,,,1,0.17465,0.0,3493,9.652162995189428,2.8545306529849768,0,394.21445,,,0.8
real,wildchat,LFU,400,3,20000,,,,1,0.1794,0.0,3588,11.116699024569243,3.027105360524729,0,394.2963,,,0.8
real,wildchat,LFU,400,4,20000,,,,1,0.18185,0.0,3637,11.980425758520141,3.308626904617995,0,393.6738,,,0.8
real,wildchat,LFU,400,5,20000,,,,1,0.18325,0.0,3665,12.672312604263425,3.511301620164886,0,394.0022,,,0.8
real,wildchat,LRU,800,8,20000,,,,1,0.3253,0.0,6506,15.168047329643741,3.167265880620107,0,772.44765,,,0.8
real,wildchat,LRU,800,9,20000,,,,1,0.3149,0.0,6298,13.010998431127518,2.605850121472031,0,777.7971,,,0.8
real,wildchat,LRU,1600,0,20000,,,,1,0.3219,0.0,6438,23.470455803908408,2.8408892976585776,0,1508.0696,,,0.8
real,wildchat,LRU,1600,1,20000,,,,1,0.3227,0.0,6454,28.50841381587088,3.557454253314063,0,1499.39905,,,0.8
real,wildchat,FIFO,50,4,20000,,,,1,0.27635,0.0,5527,5.765863985288888,2.0831914036534727,0,49.87905,,,0.8
real,wildchat,FIFO,50,5,20000,,,,1,0.27265,0.0,5453,5.709424120141193,2.079915051581338,0,49.93035,,,0.8
real,wildchat,FIFO,50,6,20000,,,,1,0.2669,0.0,5338,5.618199793389067,2.035870775580406,0,49.90275,,,0.8
real,wildchat,FIFO,50,7,20000,,,,1,0.2718,0.0,5436,5.588411598000675,2.0047708065249026,0,49.92445,,,0.8
real,wildchat,LFU,800,0,20000,,,,1,0.2098,0.0,4196,14.242241880856454,2.8821407177019864,0,776.33935,,,0.8
real,wildchat,LFU,800,1,20000,,,,1,0.21045,0.0,4209,17.53144373651594,3.438546200050041,0,772.8787,,,0.8
real,wildchat,LFU,800,2,20000,,,,1,0.21315,0.0,4263,17.26119652739726,3.460231045028195,0,776.0236,,,0.8
real,wildchat,LFU,800,3,20000,,,,1,0.21245,0.0,4249,16.21338768163696,3.3272813947405666,0,776.5962,,,0.8
real,wildchat,LRU,1600,2,20000,,,,1,0.3229,0.0,6458,22.05590523662977,3.139093064237386,0,1505.64535,,,0.8
real,wildchat,LRU,1600,3,20000,,,,1,0.32795,0.0,6559,21.414641046430916,2.758637140505016,0,1505.0136,,,0.8
real,wildchat,LRU,1600,4,20000,,,,1,0.33355,0.0,6671,28.526545863132924,3.663258149754256,0,1503.59165,,,0.8
real,wildchat,LRU,1600,5,20000,,,,1,0.32995,0.0,6599,26.040236902190372,3.1999654427636415,0,1506.2563,,,0.8
real,wildchat,FIFO,50,8,20000,,,,1,0.2801,0.0,5602,5.316941818455234,1.887960877502337,0,49.90675,,,0.8
real,wildchat,FIFO,50,9,20000,,,,1,0.2637,0.0,5274,5.611482437234372,2.034626918612048,0,49.93275,,,0.8
real,wildchat,FIFO,100,0,20000,,,,1,0.28005,0.0,5601,6.001803284743801,1.9510601647198202,0,99.58175,,,0.8
real,wildchat,FIFO,100,1,20000,,,,1,0.27885,0.0,5577,6.594349484657869,2.2213655174709857,0,99.54575,,,0.8
real,wildchat,LRU,1600,6,20000,,,,1,0.3283,0.0,6566,21.90035584499128,3.035130596254021,0,1495.1815,,,0.8
real,wildchat,LRU,1600,7,20000,,,,1,0.3298,0.0,6596,21.874672756530344,2.730132488068193,0,1509.7179,,,0.8
real,wildchat,LRU,1600,8,20000,,,,1,0.33705,0.0,6741,27.895037294365466,3.422028257045895,0,1496.3246,,,0.8
real,wildchat,LRU,1600,9,20000,,,,1,0.32695,0.0,6539,27.031202998477966,3.2854532706551254,0,1506.2714,,,0.8
real,wildchat,FIFO,100,2,20000,,,,1,0.2812,0.0,5624,5.939049582229927,1.9327189889736474,0,99.6017,,,0.8
real,wildchat,FIFO,100,3,20000,,,,1,0.2866,0.0,5732,6.1849268968217075,2.0409641903825104,0,99.65045,,,0.8
real,wildchat,FIFO,100,4,20000,,,,1,0.2913,0.0,5826,6.59659284283407,2.2093013511039317,0,99.576,,,0.8
real,wildchat,FIFO,100,5,20000,,,,1,0.28685,0.0,5737,6.5030364552512765,2.176182734547183,0,99.6897,,,0.8
real,wildchat,FIFO,100,6,20000,,,,1,0.2828,0.0,5656,6.128366728080437,2.0098914159461856,0,99.6407,,,0.8
real,wildchat,FIFO,100,7,20000,,,,1,0.28725,0.0,5745,5.864972475683317,1.9517300243023785,0,99.62765,,,0.8
real,wildchat,FIFO,100,8,20000,,,,1,0.29495,0.0,5899,6.481637642718852,2.1810366422869265,0,99.5857,,,0.8
real,wildchat,FIFO,100,9,20000,,,,1,0.27985,0.0,5597,6.6878455225378275,2.2904232318978757,0,99.71385,,,0.8
real,wildchat,LFU,800,4,20000,,,,1,0.21855,0.0,4371,16.159681300632656,3.0329521745443344,0,775.65995,,,0.8
real,wildchat,LFU,800,5,20000,,,,1,0.22085,0.0,4417,18.636536155827343,3.7310544750653207,0,776.4316,,,0.8
real,wildchat,LFU,800,6,20000,,,,1,0.21735,0.0,4347,15.654311008984223,2.968681155471131,0,775.083,,,0.8
real,wildchat,LFU,800,7,20000,,,,1,0.21265,0.0,4253,16.481570980977267,3.4857172169722617,0,776.2465,,,0.8
real,wildchat,FIFO,200,0,20000,,,,1,0.2904,0.0,5808,7.31019894592464,1.9995162612758575,0,198.24525,,,0.8
real,wildchat,FIFO,200,1,20000,,,,1,0.2909,0.0,5818,8.07356009609066,2.3231887025758624,0,198.15335,,,0.8
real,wildchat,FIFO,200,2,20000,,,,1,0.2914,0.0,5828,7.717100874288008,2.214254648424685,0,198.52795,,,0.8
real,wildchat,FIFO,200,3,20000,,,,1,0.29665,0.0,5933,8.116596704348922,2.2729612712282687,0,198.63165,,,0.8
real,wildchat,LFU,800,8,20000,,,,1,0.22495,0.0,4499,16.636173136066645,3.2648034568410367,0,772.44765,,,0.8
real,wildchat,LFU,800,9,20000,,,,1,0.2115,0.0,4230,17.687006411142647,3.527558228233829,0,777.7971,,,0.8
real,wildchat,LFU,1600,0,20000,,,,1,0.26595,0.0,5319,26.631105097476393,3.592015232425183,0,1508.0696,,,0.8
real,wildchat,LFU,1600,1,20000,,,,1,0.26425,0.0,5285,28.57571944477968,4.056064045289531,0,1499.39905,,,0.8
real,wildchat,FIFO,200,4,20000,,,,1,0.30225,0.0,6045,8.005504071479663,2.3019978660158813,0,198.4326,,,0.8
real,wildchat,FIFO,200,5,20000,,,,1,0.29785,0.0,5957,8.55521034100093,2.434821054339409,0,198.5868,,,0.8
real,wildchat,FIFO,200,6,20000,,,,1,0.2957,0.0,5914,7.870394812198356,2.0823938655667007,0,198.47035,,,0.8
real,wildchat,FIFO,200,7,20000,,,,1,0.298,0.0,5960,8.026749681448564,2.1302376815583557,0,198.46195,,,0.8
real,wildchat,FIFO,200,8,20000,,,,1,0.3059,0.0,6118,8.026792900636792,2.3388688103295863,0,198.1871,,,0.8
real,wildchat,FIFO,200,9,20000,,,,1,0.2934,0.0,5868,8.339384163264185,2.3079229227732867,0,198.71125,,,0.8
real,wildchat,FIFO,400,0,20000,,,,1,0.2987,0.0,5974,10.575118387350813,2.2190920426510274,0,393.6596,,,0.8
real,wildchat,FIFO,400,1,20000,,,,1,0.2997,0.0,5994,11.35167310712859,2.6639838237315416,0,392.7813,,,0.8
real,wildchat,FIFO,400,2,20000,,,,1,0.2997,0.0,5994,11.295634275302291,2.632509166141972,0,394.21445,,,0.8
real,wildchat,FIFO,400,3,20000,,,,1,0.3049,0.0,6098,10.652088932693005,2.2272868605796248,0,394.2963,,,0.8
real,wildchat,FIFO,400,4,20000,,,,1,0.31015,0.0,6203,10.81785621936433,2.3047725204378366,0,393.6738,,,0.8
real,wildchat,FIFO,400,5,20000,,,,1,0.30635,0.0,6127,11.253344255965203,2.616432070499286,0,394.0022,,,0.8
real,wildchat,FIFO,400,6,20000,,,,1,0.30475,0.0,6095,11.27115775598213,2.6508683629799634,0,393.84165,,,0.8
real,wildchat,FIFO,400,7,20000,,,,1,0.3066,0.0,6132,10.372997063677758,2.1355623204726726,0,393.90055,,,0.8
real,wildchat,FIFO,400,8,20000,,,,1,0.3138,0.0,6276,11.279868398560211,2.470453246496618,0,392.7133,,,0.8
real,wildchat,FIFO,400,9,20000,,,,1,0.30275,0.0,6055,11.421889689518139,2.685597457457334,0,394.4076,,,0.8
real,wildchat,LFU,1600,2,20000,,,,1,0.2701,0.0,5402,28.517428546911106,4.2096478515304625,0,1505.64535,,,0.8
real,wildchat,LFU,1600,3,20000,,,,1,0.2703,0.0,5406,27.0182894077152,3.8554769882466644,0,1505.0136,,,0.8
real,wildchat,LFU,1600,4,20000,,,,1,0.281,0.0,5620,28.708792879479006,4.0186255413573235,0,1503.59165,,,0.8
real,wildchat,LFU,1600,5,20000,,,,1,0.27915,0.0,5583,29.484118503751233,4.4532467145472765,0,1506.2563,,,0.8
real,wildchat,RR,50,0,20000,,,,1,0.24915,0.0,4983,7.051016116747633,2.9062217858154327,0,49.9153,,,0.8
real,wildchat,RR,50,1,20000,,,,1,0.2457,0.0,4914,7.166033203247935,2.9805653903167695,0,49.88925,,,0.8
real,wildchat,RR,50,2,20000,,,,1,0.25085,0.0,5017,6.948782526887953,2.9052294499706477,0,49.90415,,,0.8
real,wildchat,RR,50,3,20000,,,,1,0.25755,0.0,5151,7.293854025192559,3.02585790050216,0,49.922,,,0.8
real,wildchat,RR,50,4,20000,,,,1,0.2611,0.0,5222,6.989199784584343,2.8743759030476213,0,49.87905,,,0.8
real,wildchat,RR,50,5,20000,,,,1,0.2567,0.0,5134,7.2286888607777655,3.031093889148906,0,49.93035,,,0.8
real,wildchat,RR,50,6,20000,,,,1,0.2507,0.0,5014,6.950500712264329,2.8738206718117,0,49.90275,,,0.8
real,wildchat,RR,50,7,20000,,,,1,0.2536,0.0,5072,7.276860211277381,2.9706623463425785,0,49.92445,,,0.8
real,wildchat,LFU,1600,6,20000,,,,1,0.2695,0.0,5390,29.3799010978546,4.074957681586966,0,1495.1815,,,0.8
real,wildchat,LFU,1600,7,20000,,,,1,0.2751,0.0,5502,26.044871704652905,3.6905431421473622,0,1509.7179,,,0.8
real,wildchat,LFU,1600,8,20000,,,,1,0.28465,0.0,5693,28.663066343870014,4.004860908025876,0,1496.3246,,,0.8
real,wildchat,LFU,1600,9,20000,,,,1,0.26645,0.0,5329,29.162098868982866,4.672532540280372,0,1506.2714,,,0.8
real,wildchat,FIFO,800,0,20000,,,,1,0.30795,0.0,6159,16.316515626385808,2.685594151262194,0,776.33935,,,0.8
real,wildchat,FIFO,800,1,20000,,,,1,0.30895,0.0,6179,16.21275371289812,2.527430688496679,0,772.8787,,,0.8
real,wildchat,FIFO,800,2,20000,,,,1,0.30895,0.0,6179,16.214115754701197,2.8361802687868476,0,776.0236,,,0.8
real,wildchat,FIFO,800,3,20000,,,,1,0.31395,0.0,6279,15.81425367621705,2.833160903537646,0,776.5962,,,0.8
real,wildchat,RR,50,8,20000,,,,1,0.26385,0.0,5277,7.26012026425451,2.9785500024445355,0,49.90675,,,0.8
real,wildchat,RR,50,9,20000,,,,1,0.24765,0.0,4953,6.822981312870979,2.826792997075245,0,49.93275,,,0.8
real,wildchat,RR,100,0,20000,,,,1,0.26805,0.0,5361,8.063182985642925,3.11899870284833,0,99.58175,,,0.8
real,wildchat,RR,100,1,20000,,,,1,0.2661,0.0,5322,7.303320232313126,2.7436091215349734,0,99.54575,,,0.8
real,wildchat,FIFO,800,4,20000,,,,1,0.3188,0.0,6376,16.50226582423784,2.61333862436004,0,775.65995,,,0.8
real,wildchat,FIFO,800,5,20000,,,,1,0.31595,0.0,6319,16.555267048534006,2.6245268934872,0,776.4316,,,0.8
real,wildchat,FIFO,800,6,20000,,,,1,0.31435,0.0,6287,16.290744428988546,2.8767873300239444,0,775.083,,,0.8
real,wildchat,FIFO,800,7,20000,,,,1,0.3162,0.0,6324,15.895846142666414,2.7999134559649974,0,776.2465,,,0.8
real,wildchat,RR,100,2,20000,,,,1,0.26875,0.0,5375,7.613515009870753,2.910030266502872,0,99.6017,,,0.8
real,wildchat,RR,100,3,20000,,,,1,0.2739,0.0,5478,7.865749014308676,3.0204978538677096,0,99.65045,,,0.8
real,wildchat,RR,100,4,20000,,,,1,0.278,0.0,5560,7.5517949589993805,2.884469705168158,0,99.576,,,0.8
real,wildchat,RR,100,5,20000,,,,1,0.27425,0.0,5485,7.941224082605913,2.9948647075798362,0,99.6897,,,0.8
real,wildchat,RR,100,6,20000,,,,1,0.27065,0.0,5413,7.627581089036539,2.894163382006809,0,99.6407,,,0.8
real,wildchat,RR,100,7,20000,,,,1,0.27195,0.0,5439,7.828845601761714,2.988501073559746,0,99.62765,,,0.8
real,wildchat,RR,100,8,20000,,,,1,0.2833,0.0,5666,7.248690957203507,2.6826201647054404,0,99.5857,,,0.8
real,wildchat,RR,100,9,20000,,,,1,0.26625,0.0,5325,7.884885522071272,2.9919832944869995,0,99.71385,,,0.8
real,wildchat,FIFO,800,8,20000,,,,1,0.32255,0.0,6451,16.770841524703428,2.671222813660279,0,772.44765,,,0.8
real,wildchat,FIFO,800,9,20000,,,,1,0.3125,0.0,6250,16.69100231374614,2.668843645369634,0,777.7971,,,0.8
real,wildchat,FIFO,1600,0,20000,,,,1,0.3188,0.0,6376,27.585806732531637,3.4754332853481174,0,1508.0696,,,0.8
real,wildchat,FIFO,1600,1,20000,,,,1,0.32015,0.0,6403,26.65635527810082,3.096392279257998,0,1499.39905,,,0.8
real,wildchat,RR,200,0,20000,,,,1,0.2805,0.0,5610,9.461408510105684,3.189629560802132,0,198.24525,,,0.8
real,wildchat,RR,200,1,20000,,,,1,0.2801,0.0,5602,8.653233957011253,2.8159498586319387,0,198.15335,,,0.8
real,wildchat,RR,200,2,20000,,,,1,0.2824,0.0,5648,8.811106608482078,2.8241039311978966,0,198.52795,,,0.8
real,wildchat,RR,200,3,20000,,,,1,0.28615,0.0,5723,9.761567146051675,3.2280213956255466,0,198.63165,,,0.8
real,wildchat,RR,200,4,20000,,,,1,0.2923,0.0,5846,9.184420679230243,3.1219411990605295,0,198.4326,,,0.8
real,wildchat,RR,200,5,20000,,,,1,0.28805,0.0,5761,8.980272215558216,3.022483189124614,0,198.5868,,,0.8
real,wildchat,RR,200,6,20000,,,,1,0.28585,0.0,5717,8.767903840634972,2.74412339203991,0,198.47035,,,0.8
real,wildchat,RR,200,7,20000,,,,1,0.28665,0.0,5733,9.732971148332581,3.2167175551876426,0,198.46195,,,0.8
real,wildchat,RR,200,8,20000,,,,1,0.29635,0.0,5927,9.037024364806712,3.0190934077836573,0,198.1871,,,0.8
real,wildchat,RR,200,9,20000,,,,1,0.2818,0.0,5636,9.134553477633744,2.9893121391069144,0,198.71125,,,0.8
real,wildchat,RR,400,0,20000,,,,1,0.29275,0.0,5855,11.942036292748526,3.1066734925843775,0,393.6596,,,0.8
real,wildchat,RR,400,1,20000,,,,1,0.2921,0.0,5842,13.681367627577856,3.898853505961597,0,392.7813,,,0.8
real,wildchat,RR,400,2,20000,,,,1,0.29455,0.0,5891,11.72542588901706,3.2776987180113792,0,394.21445,,,0.8
real,wildchat,RR,400,3,20000,,,,1,0.2993,0.0,5986,11.705601320136338,2.9737649660091847,0,394.2963,,,0.8
real,wildchat,RR,400,4,20000,,,,1,0.3051,0.0,6102,13.806708942865953,3.80958805908449,0,393.6738,,,0.8
real,wildchat,RR,400,5,20000,,,,1,0.3002,0.0,6004,14.031025784788653,3.927932569058612,0,394.0022,,,0.8
real,wildchat,FIFO,1600,2,20000,,,,1,0.31975,0.0,6395,28.15391567419283,3.0053021328058094,0,1505.64535,,,0.8
real,wildchat,FIFO,1600,3,20000,,,,1,0.3249,0.0,6498,27.30196518241428,3.341422218363732,0,1505.0136,,,0.8
real,wildchat,FIFO,1600,4,20000,,,,1,0.33055,0.0,6611,26.01341945119202,2.952695993008092,0,1503.59165,,,0.8
real,wildchat,FIFO,1600,5,20000,,,,1,0.32705,0.0,6541,30.524607095867395,3.8977955526206642,0,1506.2563,,,0.8
real,wildchat,RR,400,6,20000,,,,1,0.2977,0.0,5954,11.631641071289778,3.1861540279351175,0,393.84165,,,0.8
real,wildchat,RR,400,7,20000,,,,1,0.2995,0.0,5990,11.946611962048337,3.176496090600267,0,393.90055,,,0.8
real,wildchat,RR,400,8,20000,,,,1,0.30695,0.0,6139,13.840347738005221,3.9468064496759325,0,392.7133,,,0.8
real,wildchat,RR,400,9,20000,,,,1,0.2965,0.0,5930,12.72657643421553,3.6033395619597286,0,394.4076,,,0.8
real,wildchat,FIFO,1600,6,20000,,,,1,0.32575,0.0,6515,26.914009382016957,2.9026013507973403,0,1495.1815,,,0.8
real,wildchat,FIFO,1600,7,20000,,,,1,0.32705,0.0,6541,26.60158205544576,3.187849506502971,0,1509.7179,,,0.8
real,wildchat,FIFO,1600,8,20000,,,,1,0.3341,0.0,6682,26.487156405346468,2.973618684336543,0,1496.3246,,,0.8
real,wildchat,FIFO,1600,9,20000,,,,1,0.324,0.0,6480,28.042561386246234,3.1847752281464636,0,1506.2714,,,0.8
real,wildchat,RR,800,0,20000,,,,1,0.3042,0.0,6084,17.499789968132973,3.661332977935672,0,776.33935,,,0.8
real,wildchat,RR,800,1,20000,,,,1,0.304,0.0,6080,20.535713725257665,4.633384197950363,0,772.8787,,,0.8
real,wildchat,RR,800,2,20000,,,,1,0.30495,0.0,6099,17.0447995478753,3.4469694539438933,0,776.0236,,,0.8
real,wildchat,RR,800,3,20000,,,,1,0.30925,0.0,6185,18.085332127520815,4.1596229712013155,0,776.5962,,,0.8
real,wildchat,RR,800,4,20000,,,,1,0.3148,0.0,6296,17.72966887219809,3.564319753786549,0,775.65995,,,0.8
real,wildchat,RR,800,5,20000,,,,1,0.3102,0.0,6204,20.645588322076946,4.5534697361290455,0,776.4316,,,0.8
real,wildchat,RR,800,6,20000,,,,1,0.3097,0.0,6194,16.68749285163358,3.435396164422855,0,775.083,,,0.8
real,wildchat,RR,800,7,20000,,,,1,0.3108,0.0,6216,18.22884366265498,4.0685554151423275,0,776.2465,,,0.8
real,wildchat,RR,800,8,20000,,,,1,0.31995,0.0,6399,18.58279683510773,3.7117914762347937,0,772.44765,,,0.8
real,wildchat,RR,800,9,20000,,,,1,0.30705,0.0,6141,19.703344081062824,4.416640440467745,0,777.7971,,,0.8
real,wildchat,RR,1600,0,20000,,,,1,0.3143,0.0,6286,26.379443577025086,4.85800423193723,0,1508.0696,,,0.8
real,wildchat,RR,1600,1,20000,,,,1,0.31495,0.0,6299,24.126013944623992,4.02637759107165,0,1499.39905,,,0.8
real,wildchat,ARC,50,0,20000,,,,1,0.27395,0.0,5479,19.715771975461394,14.615614659851417,100,49.9153,35.03975790067456,29.21129746072952,0.8
real,wildchat,ARC,50,1,20000,,,,1,0.26905,0.0,5381,14.98225787654519,11.023422243306413,100,49.88925,46.94457047940017,31.5427912502276,0.8
real,wildchat,ARC,50,2,20000,,,,1,0.2748,0.0,5496,20.222650084178895,15.020814904710278,100,49.90415,34.35107158698824,29.204190464262478,0.8
real,wildchat,ARC,50,3,20000,,,,1,0.27995,0.0,5599,17.47982927481644,12.837304081767797,100,49.922,33.05680901336438,29.17167075725051,0.8
real,wildchat,ARC,50,4,20000,,,,1,0.28355,0.0,5671,18.756379099795595,13.848824420711026,100,49.87905,32.32956763140835,30.84541417197782,0.8
real,wildchat,ARC,50,5,20000,,,,1,0.2803,0.0,5606,16.33061690372415,11.640037287725136,100,49.93035,45.87399130199303,30.578174693802435,0.8
real,wildchat,ARC,50,6,20000,,,,1,0.27315,0.0,5463,18.287244922248647,13.578014116501436,100,49.90275,36.73153351636321,31.202613387636276,0.8
real,wildchat,ARC,50,7,20000,,,,1,0.2806,0.0,5612,17.17566237784922,12.686981773003936,100,49.92445,29.282811006764423,29.86896774004887,0.8
real,wildchat,ARC,50,8,20000,,,,1,0.2876,0.0,5752,17.630639689741656,12.924113421468064,100,49.90675,34.61776707050295,31.148020714250677,0.8
real,wildchat,ARC,50,9,20000,,,,1,0.2695,0.0,5390,19.2774151917547,14.426095300586894,100,49.93275,32.10112960654753,31.378122644946508,0.8
real,wildchat,ARC,100,0,20000,,,,1,0.28545,0.0,5709,18.677390221273527,13.518421002663672,200,99.58175,46.28298587685619,40.82542160694571,0.8
real,wildchat,ARC,100,1,20000,,,,1,0.28445,0.0,5689,16.837089986074716,12.081753980601206,200,99.54575,57.45703968476709,50.400120700897446,0.8
real,wildchat,RR,1600,2,20000,,,,1,0.3149,0.0,6298,31.41973407473415,4.6342233719769865,0,1505.64535,,,0.8
real,wildchat,RR,1600,3,20000,,,,1,0.3211,0.0,6422,27.214785653632134,4.48501383070834,0,1505.0136,,,0.8
real,wildchat,RR,1600,4,20000,,,,1,0.32615,0.0,6523,25.120375998085365,4.3531226518098265,0,1503.59165,,,0.8
real,wildchat,RR,1600,5,20000,,,,1,0.3233,0.0,6466,23.64247217774391,3.6055905919056386,0,1506.2563,,,0.8
real,wildchat,ARC,100,2,20000,,,,1,0.28615,0.0,5723,18.793687055585906,13.200900109950453,200,99.6017,45.21084164972165,40.381549901578786,0.8
real,wildchat,ARC,100,3,20000,,,,1,0.2914,0.0,5828,18.71817271457985,13.527050835546106,200,99.65045,48.586883810587615,39.655112570872454,0.8
real,wildchat,ARC,100,4,20000,,,,1,0.296,0.0,5920,18.0616415978875,13.09156408533454,200,99.576,55.54311578970888,46.77391742940192,0.8
real,wildchat,ARC,100,5,20000,,,,1,0.2924,0.0,5848,17.107039189431816,12.283854960696772,200,99.6897,56.64509376595161,45.32709413295024,0.8
real,wildchat,ARC,100,6,20000,,,,1,0.28845,0.0,5769,18.960725085344166,13.977650535525754,200,99.6407,60.06988550271579,50.222983823711544,0.8
real,wildchat,ARC,100,7,20000,,,,1,0.2929,0.0,5858,18.544067593757063,13.458699686452746,200,99.62765,45.67125125772214,37.98084111752492,0.8
real,wildchat,ARC,100,8,20000,,,,1,0.29995,0.0,5999,17.120888602221385,12.277207226725295,200,99.5857,59.29492634872707,47.474376205166266,0.8
real,wildchat,ARC,100,9,20000,,,,1,0.2845,0.0,5690,17.38993279868737,12.496883131098002,200,99.71385,64.85846494675667,55.48443192893086,0.8
real,wildchat,RR,1600,6,20000,,,,1,0.3204,0.0,6408,29.76644358714111,4.659007053123787,0,1495.1815,,,0.8
real,wildchat,RR,1600,7,20000,,,,1,0.3214,0.0,6428,26.219762017717585,4.736931837396696,0,1509.7179,,,0.8
real,wildchat,RR,1600,8,20000,,,,1,0.3303,0.0,6606,23.499639343935996,3.8138467469252646,0,1496.3246,,,0.8
real,wildchat,RR,1600,9,20000,,,,1,0.3178,0.0,6356,26.797657716087997,3.9327391888946295,0,1506.2714,,,0.8
real,wildchat,ARC,200,0,20000,,,,1,0.2958,0.0,5916,21.327113843290135,14.614081056788564,400,198.24525,60.744690739102424,45.3567875753147,0.8
real,wildchat,ARC,200,1,20000,,,,1,0.29535,0.0,5907,20.36586063914001,14.150798186892644,400,198.15335,56.34434111013146,55.792071630967435,0.8
real,wildchat,ARC,200,2,20000,,,,1,0.29695,0.0,5939,18.687638733536005,12.790994712850079,400,198.52795,62.75570848632921,45.04412132165586,0.8
real,wildchat,ARC,200,3,20000,,,,1,0.3023,0.0,6046,19.2840033036191,12.995440763188526,400,198.63165,53.929743292915035,45.75598867636386,0.8
real,wildchat,ARC,200,4,20000,,,,1,0.3053,0.0,6106,21.38199835899286,14.380040479591116,400,198.4326,59.119863707600544,40.57347427155047,0.8
real,wildchat,ARC,200,5,20000,,,,1,0.30235,0.0,6047,19.645108631812036,13.557669095462188,400,198.5868,52.65595536274402,41.679576363682564,0.8
real,wildchat,ARC,200,6,20000,,,,1,0.29965,0.0,5993,18.35653545567766,12.606192636303604,400,198.47035,68.54369683404441,55.158453423402484,0.8
real,wildchat,ARC,200,7,20000,,,,1,0.30425,0.0,6085,19.01456553605385,12.863017403287813,400,198.46195,57.60226208501468,42.69628302790969,0.8
real,wildchat,ARC,200,8,20000,,,,1,0.30925,0.0,6185,20.208032871596515,13.85685350978747,400,198.1871,59.48178495924182,41.1589538650475,0.8
real,wildchat,ARC,200,9,20000,,,,1,0.29765,0.0,5953,18.522723036585376,12.753598782001063,400,198.71125,81.02563900134612,62.9596654891944,0.8
real,wildchat,ARC,400,0,20000,,,,1,0.30495,0.0,6099,23.72540962533094,14.98588211252354,800,393.6596,86.66868624946251,50.42747475885598,0.8
real,wildchat,ARC,400,1,20000,,,,1,0.3045,0.0,6090,23.083118838258088,14.495216018985957,800,392.7813,106.2561944880841,72.78909108529506,0.8
real,wildchat,ARC,400,2,20000,,,,1,0.30565,0.0,6113,23.628022661432624,15.268099785316736,800,394.21445,78.16870330999322,47.13155828950468,0.8
real,wildchat,ARC,400,3,20000,,,,1,0.31055,0.0,6211,23.2479106169194,14.798222831450403,800,394.2963,77.63072332510674,48.63980667035254,0.8
real,wildchat,ARC,400,4,20000,,,,1,0.3148,0.0,6296,24.050759366946295,14.847371424548328,800,393.6738,76.35115327557735,53.10676850817553,0.8
real,wildchat,ARC,400,5,20000,,,,1,0.3122,0.0,6244,23.06727680261247,14.58893712842837,800,394.0022,104.04041972136999,61.197230087645075,0.8
real,wildchat,ARC-exact,50,0,20000,,,,1,0.14735,0.0,2947,12.56519520538859,8.244443987496197,100,49.9153,0.0,0.0,0.8
real,wildchat,ARC-exact,50,1,20000,,,,1,0.15705,0.0,3141,11.774942697957158,7.679972948972136,100,49.88925,0.0,0.0,0.8
real,wildchat,ARC-exact,50,2,20000,,,,1,0.14945,0.0,2989,12.25270020077005,7.910029572667554,100,49.90415,0.0,0.0,0.8
real,wildchat,ARC-exact,50,3,20000,,,,1,0.15595,0.0,3119,12.536319595528767,8.167735970346257,100,49.922,0.0,0.0,0.8
real,wildchat,ARC-exact,50,4,20000,,,,1,0.16205,0.0,3241,12.115833832649514,7.885818934300914,100,49.87905,0.0,0.0,0.8
real,wildchat,ARC-exact,50,5,20000,,,,1,0.1605,0.0,3210,12.20196025678888,7.936635153600946,100,49.93035,0.0,0.0,0.8
real,wildchat,ARC-exact,50,6,20000,,,,1,0.15915,0.0,3183,12.381874956190586,8.07071941671893,100,49.90275,0.0,0.0,0.8
real,wildchat,ARC-exact,50,7,20000,,,,1,0.14445,0.0,2889,12.239404901629314,8.016304986085743,100,49.92445,0.0,0.0,0.8
real,wildchat,ARC-exact,50,8,20000,,,,1,0.1662,0.0,3324,11.770424438873306,7.647642458323389,100,49.90675,0.0,0.0,0.8
real,wildchat,ARC-exact,50,9,20000,,,,1,0.157,0.0,3140,12.080345954746008,7.853261870332062,100,49.93275,0.0,0.0,0.8
real,wildchat,ARC-exact,100,0,20000,,,,1,0.1567,0.0,3134,12.97557675279677,8.110977447358891,200,99.58175,0.0,0.0,0.8
real,wildchat,ARC-exact,100,1,20000,,,,1,0.1645,0.0,3290,12.55892984336242,7.810538396006449,200,99.54575,0.0,0.0,0.8
real,wildchat,ARC-exact,100,2,20000,,,,1,0.15885,0.0,3177,12.202008883468807,7.621335977455601,200,99.6017,0.0,0.0,0.8
real,wildchat,ARC-exact,100,3,20000,,,,1,0.1629,0.0,3258,12.604912428651005,7.8485722246114165,200,99.65045,0.0,0.0,0.8
real,wildchat,ARC-exact,100,4,20000,,,,1,0.1692,0.0,3384,12.789470871211961,7.910425629233942,200,99.576,0.0,0.0,0.8
real,wildchat,ARC-exact,100,5,20000,,,,1,0.1677,0.0,3354,12.229001027299091,7.621438929345459,200,99.6897,0.0,0.0,0.8
real,wildchat,ARC,400,6,20000,,,,1,0.3104,0.0,6208,23.577126319287345,15.023079590173438,800,393.84165,117.24151748940368,76.34480618661964,0.8
real,wildchat,ARC,400,7,20000,,,,1,0.31325,0.0,6265,23.02228585467674,14.502465887926519,800,393.90055,66.35615847473969,51.47834671737573,0.8
real,wildchat,ARC,400,8,20000,,,,1,0.31985,0.0,6397,22.663399734301493,14.341040060389787,800,392.7133,86.84850317395953,62.16352255118011,0.8
real,wildchat,ARC,400,9,20000,,,,1,0.30845,0.0,6169,21.97038642480038,13.751988863805309,800,394.4076,124.21896084272187,76.64155656049431,0.8
real,wildchat,ARC-exact,100,6,20000,,,,1,0.166,0.0,3320,12.696520023746416,7.888604974141344,200,99.6407,0.0,0.0,0.8
real,wildchat,ARC-exact,100,7,20000,,,,1,0.15265,0.0,3053,12.367640959564596,7.708625413943081,200,99.62765,0.0,0.0,0.8
real,wildchat,ARC-exact,100,8,20000,,,,1,0.1732,0.0,3464,12.184293306199834,7.463197223842144,200,99.5857,0.0,0.0,0.8
real,wildchat,ARC-exact,100,9,20000,,,,1,0.1639,0.0,3278,15.11083904770203,9.270585421472788,200,99.71385,0.0,0.0,0.8
real,wildchat,ARC-exact,200,0,20000,,,,1,0.16835,0.0,3367,13.651389256119728,7.941584201762454,400,198.24525,0.0,0.0,0.8
real,wildchat,ARC-exact,200,1,20000,,,,1,0.17355,0.0,3471,13.987795659340918,7.911147992126644,400,198.15335,0.0,0.0,0.8
real,wildchat,ARC-exact,200,2,20000,,,,1,0.16935,0.0,3387,17.029810906387866,9.681982349138707,400,198.52795,0.0,0.0,0.8
real,wildchat,ARC-exact,200,3,20000,,,,1,0.17275,0.0,3455,15.977192693389952,9.02991546317935,400,198.63165,0.0,0.0,0.8
real,wildchat,ARC,800,0,20000,,,,1,0.3136,0.0,6272,32.612148189218715,18.891986983362585,1600,776.33935,143.18718941803706,61.77624828251206,0.8
real,wildchat,ARC,800,1,20000,,,,1,0.312,0.0,6240,32.05428407527506,18.24563905247487,1600,772.8787,173.3579295494711,81.21668132522322,0.8
real,wildchat,ARC,800,2,20000,,,,1,0.31515,0.0,6303,30.79512848635204,17.443540564272553,1600,776.0236,140.2431339161336,64.85084923558384,0.8
real,wildchat,ARC,800,3,20000,,,,1,0.31995,0.0,6399,37.76497343205847,21.808236779179424,1600,776.5962,130.81782067559044,65.80201697396245,0.8
real,wildchat,ARC-exact,200,4,20000,,,,1,0.17835,0.0,3567,13.421981711871922,7.649729796685278,400,198.4326,0.0,0.0,0.8
real,wildchat,ARC-exact,200,5,20000,,,,1,0.1812,0.0,3624,13.941710616927594,7.773821929004043,400,198.5868,0.0,0.0,0.8
real,wildchat,ARC-exact,200,6,20000,,,,1,0.17625,0.0,3525,16.761311510344967,9.46025172015652,400,198.47035,0.0,0.0,0.8
real,wildchat,ARC-exact,200,7,20000,,,,1,0.16635,0.0,3327,15.805193275446072,8.905140782007948,400,198.46195,0.0,0.0,0.8
real,wildchat,ARC,800,4,20000,,,,1,0.32545,0.0,6509,32.44478628621437,18.69447875651531,1600,775.65995,147.02345974739686,68.45007610581527,0.8
real,wildchat,ARC,800,5,20000,,,,1,0.3213,0.0,6426,31.817963463254273,18.21083395043388,1600,776.4316,113.3788960232767,63.6665589849139,0.8
real,wildchat,ARC,800,6,20000,,,,1,0.3175,0.0,6350,31.661855475977063,18.095939082559198,1600,775.083,170.57212598033027,77.3452622133949,0.8
real,wildchat,ARC,800,7,20000,,,,1,0.3218,0.0,6436,38.43942229868844,22.29704229393974,1600,776.2465,82.377565707286,49.01869259445221,0.8
real,wildchat,ARC-exact,200,8,20000,,,,1,0.1809,0.0,3618,13.732583343517035,7.709641056135296,400,198.1871,0.0,0.0,0.8
real,wildchat,ARC-exact,200,9,20000,,,,1,0.1761,0.0,3522,15.15348085667938,8.580495318165049,400,198.71125,0.0,0.0,0.8
real,wildchat,ARC-exact,400,0,20000,,,,1,0.1869,0.0,3738,20.088844059500843,10.01452612108551,800,393.6596,0.0,0.0,0.8
real,wildchat,ARC-exact,400,1,20000,,,,1,0.19305,0.0,3861,18.970996275311336,8.957385993562639,800,392.7813,0.0,0.0,0.8
real,wildchat,ARC-exact,400,2,20000,,,,1,0.18905,0.0,3781,16.30534598371014,7.909477379871532,800,394.21445,0.0,0.0,0.8
real,wildchat,ARC-exact,400,3,20000,,,,1,0.19395,0.0,3879,20.525415311567485,10.192669118987396,800,394.2963,0.0,0.0,0.8
real,wildchat,ARC-exact,400,4,20000,,,,1,0.19955,0.0,3991,18.638042692327872,9.053227445110679,800,393.6738,0.0,0.0,0.8
real,wildchat,ARC-exact,400,5,20000,,,,1,0.199,0.0,3980,18.30938065540977,8.592835388844833,800,394.0022,0.0,0.0,0.8
real,wildchat,ARC-exact,400,6,20000,,,,1,0.19515,0.0,3903,17.196010710904375,8.117808034876361,800,393.84165,0.0,0.0,0.8
real,wildchat,ARC-exact,400,7,20000,,,,1,0.18965,0.0,3793,20.526919432450086,10.23005754686892,800,393.90055,0.0,0.0,0.8
real,wildchat,ARC-exact,400,8,20000,,,,1,0.20475,0.0,4095,17.79682684573345,8.425774844363332,800,392.7133,0.0,0.0,0.8
real,wildchat,ARC-exact,400,9,20000,,,,1,0.1941,0.0,3882,18.074458168121055,8.382435503881425,800,394.4076,0.0,0.0,0.8
real,wildchat,LRU-batch,50,0,20000,,,,1,0.2705,0.0,5410,6.478084885748103,2.3559237364679575,0,45.43775,,,0.8
real,wildchat,LRU-batch,50,1,20000,,,,1,0.2676,0.0,5352,6.599916232516989,2.389156975550577,0,45.4132,,,0.8
real,wildchat,LRU-batch,50,2,20000,,,,1,0.2717,0.0,5434,6.294592592166737,2.2200939944013953,0,45.437,,,0.8
real,wildchat,LRU-batch,50,3,20000,,,,1,0.27745,0.0,5549,6.243832723703235,2.231886819936335,0,45.4316,,,0.8
real,wildchat,LRU-batch,50,4,20000,,,,1,0.2809,0.0,5618,6.490648671751842,2.3103477025870234,0,45.4048,,,0.8
real,wildchat,LRU-batch,50,5,20000,,,,1,0.27675,0.0,5535,6.274109875084832,2.2626649122685194,0,45.4428,,,0.8
real,wildchat,LRU-batch,50,6,20000,,,,1,0.27045,0.0,5409,6.355483620427549,2.2777094040066004,0,45.4281,,,0.8
real,wildchat,LRU-batch,50,7,20000,,,,1,0.2772,0.0,5544,6.292526511242613,2.2917768510524184,0,45.44915,,,0.8
real,wildchat,ARC,800,8,20000,,,,1,0.3291,0.0,6582,33.715317142196,19.119383511133492,1600,772.44765,138.1202510821821,67.09972050933429,0.8
real,wildchat,ARC,800,9,20000,,,,1,0.3164,0.0,6328,32.04068911145441,18.301144195720553,1600,777.7971,179.6478434252261,83.8841049881874,0.8
real,wildchat,ARC,1600,0,20000,,,,1,0.32255,0.0,6451,53.089651523623616,26.147171709453687,3200,1508.0696,132.75542945682344,47.877594873756024,0.8
real,wildchat,ARC,1600,1,20000,,,,1,0.3205,0.0,6410,55.245912552345544,26.124914531828836,3200,1499.39905,171.14814814814815,55.37378333334103,0.8
real,wildchat,LRU-batch,50,8,20000,,,,1,0.28465,0.0,5693,6.2512319011148065,2.2214667522348464,0,45.4254,,,0.8
real,wildchat,LRU-batch,50,9,20000,,,,1,0.26755,0.0,5351,6.203602679306641,2.2023334284313023,0,45.46185,,,0.8
real,wildchat,LRU-batch,100,0,20000,,,,1,0.28225,0.0,5645,6.7289308935869485,2.1664620435331017,0,90.15725,,,0.8
real,wildchat,LRU-batch,100,1,20000,,,,1,0.28155,0.0,5631,6.750251533230767,2.128731383709237,0,90.12465,,,0.8
real,wildchat,LRU-batch,100,2,20000,,,,1,0.28355,0.0,5671,6.961906678043306,2.2056511836126447,0,90.16355,,,0.8
real,wildchat,LRU-batch,100,3,20000,,,,1,0.2886,0.0,5772,6.989275984233245,2.2263767721597105,0,90.25765,,,0.8
real,wildchat,LRU-batch,100,4,20000,,,,1,0.29385,0.0,5877,6.755218515172601,2.1207065787166357,0,90.1226,,,0.8
real,wildchat,LRU-batch,100,5,20000,,,,1,0.28905,0.0,5781,6.848660990362987,2.1877406572457403,0,90.2653,,,0.8
real,wildchat,ARC-exact,800,0,20000,,,,1,0.2246,0.0,4492,25.656368531053886,10.097058193059638,1600,776.33935,0.0,0.0,0.8
real,wildchat,ARC-exact,800,1,20000,,,,1,0.22425,0.0,4485,25.594913243548945,9.929607808589935,1600,772.8787,0.0,0.0,0.8
real,wildchat,ARC-exact,800,2,20000,,,,1,0.22415,0.0,4483,24.288940767291933,8.959373470861465,1600,776.0236,0.0,0.0,0.8
real,wildchat,ARC-exact,800,3,20000,,,,1,0.22835,0.0,4567,23.41084160725586,8.690491889137775,1600,776.5962,0.0,0.0,0.8
real,wildchat,LRU-batch,100,6,20000,,,,1,0.28535,0.0,5707,6.873995950445533,2.2656182933133096,0,90.22015,,,0.8
real,wildchat,LRU-batch,100,7,20000,,,,1,0.2895,0.0,5790,6.790758128045127,2.188145706895739,0,90.21545,,,0.8
real,wildchat,LRU-batch,100,8,20000,,,,1,0.2976,0.0,5952,6.659125891746953,2.0928667625412345,0,90.12735,,,0.8
real,wildchat,LRU-batch,100,9,20000,,,,1,0.2822,0.0,5644,6.822103360900655,2.226605504984036,0,90.28905,,,0.8
real,wildchat,LRU-batch,200,0,20000,,,,1,0.2915,0.0,5830,7.824193185660988,2.124142786487937,0,179.0603,,,0.8
real,wildchat,LRU-batch,200,1,20000,,,,1,0.2922,0.0,5844,8.159135218011215,2.2109804092906415,0,179.072,,,0.8
real,wildchat,LRU-batch,200,2,20000,,,,1,0.29245,0.0,5849,9.080095874378458,2.463919168803841,0,179.3092,,,0.8
real,wildchat,LRU-batch,200,3,20000,,,,1,0.29755,0.0,5951,8.432642795378342,2.244356693699956,0,179.4274,,,0.8
real,wildchat,ARC-exact,800,4,20000,,,,1,0.2323,0.0,4646,25.41479216888547,9.700263338163495,1600,775.65995,0.0,0.0,0.8
real,wildchat,ARC-exact,800,5,20000,,,,1,0.2324,0.0,4648,24.75615229923278,8.871608023764566,1600,776.4316,0.0,0.0,0.8
real,wildchat,ARC-exact,800,6,20000,,,,1,0.22875,0.0,4575,23.547746759140864,8.861835271818563,1600,775.083,0.0,0.0,0.8
real,wildchat,ARC-exact,800,7,20000,,,,1,0.22735,0.0,4547,25.2692945941817,9.496936469804496,1600,776.2465,0.0,0.0,0.8
real,wildchat,LRU-batch,200,4,20000,,,,1,0.3031,0.0,6062,7.994380546733737,2.165844530100003,0,179.23545,,,0.8
real,wildchat,LRU-batch,200,5,20000,,,,1,0.299,0.0,5980,8.821926696691662,2.3455089423805475,0,179.4261,,,0.8
real,wildchat,LRU-batch,200,6,20000,,,,1,0.29745,0.0,5949,8.703690319089219,2.2834541101474315,0,179.2799,,,0.8
real,wildchat,LRU-batch,200,7,20000,,,,1,0.29925,0.0,5985,8.34660790860653,2.161824324866757,0,179.3191,,,0.8
real,wildchat,LRU-batch,200,8,20000,,,,1,0.30675,0.0,6135,8.048765431158245,2.137422579107806,0,179.0772,,,0.8
real,wildchat,LRU-batch,200,9,20000,,,,1,0.29505,0.0,5901,8.896412228932604,2.470836986321956,0,179.43565,,,0.8
real,wildchat,LRU-batch,400,0,20000,,,,1,0.3,0.0,6000,10.986088600475341,2.2768242051824927,0,355.41385,,,0.8
real,wildchat,LRU-batch,400,1,20000,,,,1,0.3007,0.0,6014,11.001473851501942,2.2353215783368796,0,354.55735,,,0.8
real,wildchat,ARC,1600,2,20000,,,,1,0.3238,0.0,6476,48.156534222653136,23.338469059672207,3200,1505.64535,152.12345679012347,49.74535617283951,0.8
real,wildchat,ARC,1600,3,20000,,,,1,0.3283,0.0,6566,48.89311172883026,24.117722240043804,3200,1505.0136,119.89219945495388,40.32922446036955,0.8
real,wildchat,ARC,1600,4,20000,,,,1,0.3343,0.0,6686,58.60878296662122,28.137282631359994,3200,1503.59165,146.7450539381065,55.143817449704464,0.8
real,wildchat,ARC,1600,5,20000,,,,1,0.33055,0.0,6611,57.09097606013529,27.60456979740411,3200,1506.2563,147.37375872893844,52.55088165161698,0.8
real,wildchat,ARC,1600,6,20000,,,,1,0.3261,0.0,6522,48.04578642360866,23.12677240697667,3200,1495.1815,180.2439024390244,60.14049634146284,0.8
real,wildchat,ARC,1600,7,20000,,,,1,0.3307,0.0,6614,52.14578646700829,25.933429290307686,3200,1509.7179,86.36625526696122,41.12995289247018,0.8
real,wildchat,ARC,1600,8,20000,,,,1,0.33775,0.0,6755,55.70682482793927,26.7410313768778,3200,1496.3246,151.60459546137295,55.521693652825405,0.8
real,wildchat,ARC,1600,9,20000,,,,1,0.32515,0.0,6503,56.42668060027063,27.49836183502339,3200,1506.2714,176.9090909090909,58.065731818184375,0.8
real,wildchat,LRU-batch,400,2,20000,,,,1,0.3005,0.0,6010,11.311114282580093,2.4076910282019526,0,355.8229,,,0.8
real,wildchat,LRU-batch,400,3,20000,,,,1,0.3059,0.0,6118,11.170513567049056,2.3112684197258204,0,355.76795,,,0.8
real,wildchat,LRU-batch,400,4,20000,,,,1,0.311,0.0,6220,10.997261141892523,2.202571788802743,0,355.30215,,,0.8
real,wildchat,LRU-batch,400,5,20000,,,,1,0.30795,0.0,6159,11.78378714248538,2.501401474000886,0,355.72835,,,0.8
real,wildchat,LRU-batch,400,6,20000,,,,1,0.30625,0.0,6125,11.30087539786473,2.4990402976982296,0,355.5092,,,0.8
real,wildchat,LRU-batch,400,7,20000,,,,1,0.30765,0.0,6153,11.52195324539207,2.3723562073428184,0,355.7578,,,0.8
real,wildchat,LRU-batch,400,8,20000,,,,1,0.3149,0.0,6298,10.904303623829037,2.190205571241677,0,354.75345,,,0.8
real,wildchat,LRU-batch,400,9,20000,,,,1,0.3041,0.0,6082,11.574113444657996,2.389958081766963,0,355.92075,,,0.8
real,wildchat,LRU-batch,800,0,20000,,,,1,0.30915,0.0,6183,16.767273226287216,2.77177503448911,0,701.51535,,,0.8
real,wildchat,LRU-batch,800,1,20000,,,,1,0.3096,0.0,6192,16.443198669003323,2.3541857372038066,0,698.35965,,,0.8
real,wildchat,LRU-batch,800,2,20000,,,,1,0.31005,0.0,6201,17.88839874207042,2.804838982410729,0,701.6518,,,0.8
real,wildchat,LRU-batch,800,3,20000,,,,1,0.3148,0.0,6296,15.279962442582473,2.3761091637425125,0,701.71335,,,0.8
real,wildchat,ARC-exact,800,8,20000,,,,1,0.23395,0.0,4679,24.949849938275293,9.067019529175013,1600,772.44765,0.0,0.0,0.8
real,wildchat,ARC-exact,800,9,20000,,,,1,0.22615,0.0,4523,23.476094589568675,8.830534404842183,1600,777.7971,0.0,0.0,0.8
real,wildchat,ARC-exact,1600,0,20000,,,,1,0.29075,0.0,5815,38.0902505479753,10.318068350898102,3200,1508.0696,0.0,0.0,0.8
real,wildchat,ARC-exact,1600,1,20000,,,,1,0.2806,0.0,5612,39.50628090533428,11.113371857209131,3200,1499.39905,0.0,0.0,0.8
real,wildchat-long,LRU,50,0,20000,,,,1,0.3324,0.0,6648,8.097321388777345,3.23587249731645,0,49.9213,,,0.8
real,wildchat-long,LRU,50,1,20000,,,,1,0.2172,0.0,4344,7.59268140536733,3.1245664053130895,0,49.92905,,,0.8
real,wildchat-long,LRU,50,2,20000,,,,1,0.32385,0.0,6477,7.099002145696431,2.7613622311037034,0,49.9178,,,0.8
real,wildchat-long,LRU,50,3,20000,,,,1,0.30025,0.0,6005,6.721725093666464,2.6859372039325535,0,49.9378,,,0.8
real,wildchat-long,LRU,50,4,20000,,,,1,0.1758,0.0,3516,8.309092512354255,3.5510114394128323,0,49.9343,,,0.8
real,wildchat-long,LRU,50,5,20000,,,,1,0.1974,0.0,3948,7.6630566152743995,3.2249203650280833,0,49.9329,,,0.8
real,wildchat-long,LRU,50,6,20000,,,,1,0.2213,0.0,4426,7.328742841491476,3.0403034761548042,0,49.9269,,,0.8
real,wildchat-long,LRU,50,7,20000,,,,1,0.33225,0.0,6645,6.570935092167929,2.5619656255003065,0,49.90465,,,0.8
real,wildchat-long,LRU,50,8,20000,,,,1,0.17215,0.0,3443,7.956875278614461,3.458765841787681,0,49.9268,,,0.8
real,wildchat-long,LRU,50,9,20000,,,,1,0.2309,0.0,4618,7.375028252135962,3.0810238502454013,0,49.91555,,,0.8
real,wildchat-long,LRU,100,0,20000,,,,1,0.3525,0.0,7050,7.305155054200441,2.606841246597469,0,99.7091,,,0.8
real,wildchat-long,LRU,100,1,20000,,,,1,0.22525,0.0,4505,7.3062053066678345,2.8091109823435545,0,99.67615,,,0.8
real,wildchat-long,LRU,100,2,20000,,,,1,0.34285,0.0,6857,8.253235602751374,3.066395065980032,0,99.675,,,0.8
real,wildchat-long,LRU,100,3,20000,,,,1,0.3167,0.0,6334,7.954268762841821,3.0098203162197024,0,99.71265,,,0.8
real,wildchat-long,LRU,100,4,20000,,,,1,0.18405,0.0,3681,7.529202592559159,2.9566025477834046,0,99.72515,,,0.8
real,wildchat-long,LRU,100,5,20000,,,,1,0.2141,0.0,4282,7.402969291433692,2.8412620769813657,0,99.7197,,,0.8
real,wildchat,LRU-batch,800,4,20000,,,,1,0.32005,0.0,6401,16.746573464479297,2.2902006981894374,0,701.28775,,,0.8
real,wildchat,LRU-batch,800,5,20000,,,,1,0.3166,0.0,6332,16.832674300530925,2.634650777326897,0,701.47115,,,0.8
real,wildchat,LRU-batch,800,6,20000,,,,1,0.315,0.0,6300,15.608110273024067,2.312977920519188,0,700.3329,,,0.8
real,wildchat,LRU-batch,800,7,20000,,,,1,0.3173,0.0,6346,14.698942197719589,2.159089979249984,0,700.4203,,,0.8
real,wildchat,ARC-exact,1600,2,20000,,,,1,0.28975,0.0,5795,38.58787789940834,10.341943631647155,3200,1505.64535,0.0,0.0,0.8
real,wildchat,ARC-exact,1600,3,20000,,,,1,0.2924,0.0,5848,38.02928921650164,10.516660509165376,3200,1505.0136,0.0,0.0,0.8
real,wildchat,ARC-exact,1600,4,20000,,,,1,0.2947,0.0,5894,39.808284369064495,10.875413642497733,3200,1503.59165,0.0,0.0,0.8
real,wildchat,ARC-exact,1600,5,20000,,,,1,0.29085,0.0,5817,33.95610099541955,8.98169981664978,3200,1506.2563,0.0,0.0,0.8
real,wildchat,ARC-exact,1600,6,20000,,,,1,0.28545,0.0,5709,38.886290130903944,10.49576458754018,3200,1495.1815,0.0,0.0,0.8
real,wildchat,ARC-exact,1600,7,20000,,,,1,0.29395,0.0,5879,38.06639998801984,10.471287398831919,3200,1509.7179,0.0,0.0,0.8
real,wildchat,ARC-exact,1600,8,20000,,,,1,0.2985,0.0,5970,39.89229561411776,10.878618969582021,3200,1496.3246,0.0,0.0,0.8
real,wildchat,ARC-exact,1600,9,20000,,,,1,0.28425,0.0,5685,33.86046993546188,8.951385243562981,3200,1506.2714,0.0,0.0,0.8
real,wildchat-long,LRU,100,6,20000,,,,1,0.22925,0.0,4585,7.245133118703961,2.810534875607118,0,99.66635,,,0.8
real,wildchat-long,LRU,100,7,20000,,,,1,0.34895,0.0,6979,7.082467823056504,2.511720504844561,0,99.61065,,,0.8
real,wildchat-long,LRU,100,8,20000,,,,1,0.18,0.0,3600,7.7067518956027925,3.0042975849937648,0,99.6787,,,0.8
real,wildchat-long,LRU,100,9,20000,,,,1,0.2394,0.0,4788,7.377796230139211,2.7785857499111444,0,99.66715,,,0.8
real,wildchat-long,LRU,200,0,20000,,,,1,0.3691,0.0,7382,8.301737596048042,2.544927498092875,0,198.6899,,,0.8
real,wildchat-long,LRU,200,1,20000,,,,1,0.23665,0.0,4733,8.871785382507369,2.8802894230466336,0,198.66835,,,0.8
real,wildchat-long,LRU,200,2,20000,,,,1,0.3595,0.0,7190,8.30716394702904,2.511027763830498,0,198.69745,,,0.8
real,wildchat-long,LRU,200,3,20000,,,,1,0.3312,0.0,6624,8.585210161982104,2.613953989930451,0,198.5471,,,0.8
real,wildchat,LRU-batch,800,8,20000,,,,1,0.32355,0.0,6471,17.025976319564506,2.3178164614364505,0,698.2092,,,0.8
real,wildchat,LRU-batch,800,9,20000,,,,1,0.3132,0.0,6264,16.457027674186975,2.636382478522137,0,702.03625,,,0.8
real,wildchat,LRU-batch,1600,0,20000,,,,1,0.3209,0.0,6418,24.082656297832727,2.2685087518766522,0,1366.31785,,,0.8
real,wildchat,LRU-batch,1600,1,20000,,,,1,0.3218,0.0,6436,24.42813089583069,2.4150175391696393,0,1358.344,,,0.8
real,wildchat-long,LRU,200,4,20000,,,,1,0.1945,0.0,3890,8.951397374039516,2.9643341375049204,0,198.86375,,,0.8
real,wildchat-long,LRU,200,5,20000,,,,1,0.2316,0.0,4632,9.027383418288082,2.937245898647234,0,198.8365,,,0.8
real,wildchat-long,LRU,200,6,20000,,,,1,0.24145,0.0,4829,9.015831304714084,2.8579006728250533,0,198.697,,,0.8
real,wildchat-long,LRU,200,7,20000,,,,1,0.36455,0.0,7291,9.189521870575845,2.628876193193719,0,198.37275,,,0.8
real,wildchat-long,LRU,200,8,20000,,,,1,0.1899,0.0,3798,9.128647716715932,3.0315550102386624,0,198.6954,,,0.8
real,wildchat-long,LRU,200,9,20000,,,,1,0.25185,0.0,5037,8.99266327614896,2.846680401125923,0,198.6062,,,0.8
real,wildchat-long,LRU,400,0,20000,,,,1,0.3855,0.0,7710,11.182882363209501,2.5344252993818372,0,394.58605,,,0.8
real,wildchat-long,LRU,400,1,20000,,,,1,0.2484,0.0,4968,13.832949410425499,3.565537923714146,0,394.7802,,,0.8
real,wildchat-long,LRU,400,2,20000,,,,1,0.3737,0.0,7474,10.943443182623014,2.6527217298280448,0,394.895,,,0.8
real,wildchat-long,LRU,400,3,20000,,,,1,0.3428,0.0,6856,11.144769645761698,2.707667666254565,0,393.78665,,,0.8
real,wildchat-long,LRU,400,4,20000,,,,1,0.20505,0.0,4101,13.0591212247964,3.347181959543377,0,395.43365,,,0.8
real,wildchat-long,LRU,400,5,20000,,,,1,0.2483,0.0,4966,11.967050610110164,3.1109936360735446,0,393.5495,,,0.8
real,wildchat-long,LRU,400,6,20000,,,,1,0.25345,0.0,5069,11.857839860022068,2.9518574592657387,0,394.89845,,,0.8
real,wildchat-long,LRU,400,7,20000,,,,1,0.3847,0.0,7694,11.406157113378868,2.6520485000219196,0,393.01885,,,0.8
real,wildchat-long,LRU,400,8,20000,,,,1,0.2001,0.0,4002,12.774651939980686,3.382788860471919,0,394.925,,,0.8
real,wildchat-long,LRU,400,9,20000,,,,1,0.26395,0.0,5279,11.280455760424957,2.924040996003896,0,393.75315,,,0.8
real,wildchat,LRU-batch,1600,2,20000,,,,1,0.3217,0.0,6434,28.17109496681951,2.748419501585886,0,1364.6066,,,0.8
real,wildchat,LRU-batch,1600,3,20000,,,,1,0.3267,0.0,6534,23.49247131496668,2.31365846702829,0,1364.53605,,,0.8
real,wildchat,LRU-batch,1600,4,20000,,,,1,0.33235,0.0,6647,24.04226990765892,2.2021016047801822,0,1363.61085,,,0.8
real,wildchat,LRU-batch,1600,5,20000,,,,1,0.3291,0.0,6582,25.423026434145868,2.3544678930193186,0,1365.6318,,,0.8
real,wildchat,LRU-batch,1600,6,20000,,,,1,0.32735,0.0,6547,26.758553861873224,2.7414953045081347,0,1357.58465,,,0.8
real,wildchat,LRU-batch,1600,7,20000,,,,1,0.3283,0.0,6566,24.298414826625958,2.2313639638014138,0,1368.44405,,,0.8
real,wildchat,LRU-batch,1600,8,20000,,,,1,0.33595,0.0,6719,24.131765722995624,2.1781404968351126,0,1354.7611,,,0.8
real,wildchat,LRU-batch,1600,9,20000,,,,1,0.3259,0.0,6518,25.438925006892532,2.5284611736424267,0,1365.5903,,,0.8
real,wildchat-long,LFU,50,0,20000,,,,1,0.1643,0.0,3286,7.943875627825037,3.448603069409728,0,49.9213,,,0.8
real,wildchat-long,LFU,50,1,20000,,,,1,0.13925,0.0,2785,7.549799495609477,3.234448964940384,0,49.92905,,,0.8
real,wildchat-long,LFU,50,2,20000,,,,1,0.1626,0.0,3252,7.491500402102247,3.21903457515873,0,49.9178,,,0.8
real,wildchat-long,LFU,50,3,20000,,,,1,0.15265,0.0,3053,8.862081734696403,3.407551907002926,0,49.9378,,,0.8
real,wildchat-long,LFU,50,4,20000,,,,1,0.10305,0.0,2061,8.2189402426593,3.5197721095755696,0,49.9343,,,0.8
real,wildchat-long,LFU,50,5,20000,,,,1,0.12025,0.0,2405,7.390988216502592,3.2190608384553343,0,49.9329,,,0.8
real,wildchat-long,LFU,50,6,20000,,,,1,0.1362,0.0,2724,8.44538746168837,3.4706489939708263,0,49.9269,,,0.8
real,wildchat-long,LFU,50,7,20000,,,,1,0.17665,0.0,3533,7.050786539912224,3.0365383019670844,0,49.90465,,,0.8
real,wildchat-long,LFU,50,8,20000,,,,1,0.10395,0.0,2079,7.725330983521417,3.3640716574154794,0,49.9268,,,0.8
real,wildchat-long,LFU,50,9,20000,,,,1,0.13785,0.0,2757,9.961465193191543,3.879796055844053,0,49.91555,,,0.8
real,wildchat-long,LFU,100,0,20000,,,,1,0.17935,0.0,3587,7.620219362434,3.0574262666050345,0,99.7091,,,0.8
real,wildchat-long,LFU,100,1,20000,,,,1,0.16355,0.0,3271,7.589453732362017,3.0325402913149446,0,99.67615,,,0.8
real,wildchat-long,LRU,800,0,20000,,,,1,0.397,0.0,7940,16.94591354462318,2.7658649487420917,0,777.97295,,,0.8
real,wildchat-long,LRU,800,1,20000,,,,1,0.2567,0.0,5134,18.883220525458455,3.6700825963634998,0,778.8844,,,0.8
real,wildchat-long,LRU,800,2,20000,,,,1,0.3849,0.0,7698,17.211609141668305,3.3058082161005586,0,779.7686,,,0.8
real,wildchat-long,LRU,800,3,20000,,,,1,0.35255,0.0,7051,14.99118342762813,2.7408274938352406,0,776.20455,,,0.8
real,wildchat-long,LFU,100,2,20000,,,,1,0.18355,0.0,3671,9.365985653130338,3.2898270816076547,0,99.675,,,0.8
real,wildchat-long,LFU,100,3,20000,,,,1,0.1747,0.0,3494,7.559092435985804,2.991105819819495,0,99.71265,,,0.8
real,wildchat-long,LFU,100,4,20000,,,,1,0.1129,0.0,2258,7.600981742143631,3.1219349068123847,0,99.72515,,,0.8
real,wildchat-long,LFU,100,5,20000,,,,1,0.14135,0.0,2827,7.66429248615168,3.0774432059843093,0,99.7197,,,0.8
real,wildchat-long,LFU,100,6,20000,,,,1,0.1506,0.0,3012,9.928380337078124,3.685352794127539,0,99.66635,,,0.8
real,wildchat-long,LFU,100,7,20000,,,,1,0.20345,0.0,4069,7.4059323815163225,2.903305017389357,0,99.61065,,,0.8
real,wildchat-long,LFU,100,8,20000,,,,1,0.1131,0.0,2262,7.80862828833051,3.1971498916391283,0,99.6787,,,0.8
real,wildchat-long,LFU,100,9,20000,,,,1,0.1599,0.0,3198,7.591923733707517,3.034530201693997,0,99.66715,,,0.8
real,wildchat-long,LRU,800,4,20000,,,,1,0.2148,0.0,4296,18.65466651506722,3.4217047097627074,0,781.4589,,,0.8
real,wildchat-long,LRU,800,5,20000,,,,1,0.25985,0.0,5197,18.030081724282354,3.3056481392122805,0,762.41355,,,0.8
real,wildchat-long,LRU,800,6,20000,,,,1,0.26145,0.0,5229,16.97629726259038,3.1257295981049538,0,779.8112,,,0.8
real,wildchat-long,LRU,800,7,20000,,,,1,0.39865,0.0,7973,15.479449648410082,2.538305992493406,0,771.2747,,,0.8
real,wildchat-long,LFU,200,0,20000,,,,1,0.239,0.0,4780,10.493923316244036,3.4252944635227323,0,198.6899,,,0.8
real,wildchat-long,LFU,200,1,20000,,,,1,0.1806,0.0,3612,8.789062488358468,3.0047853011637926,0,198.66835,,,0.8
real,wildchat-long,LFU,200,2,20000,,,,1,0.23605,0.0,4721,8.508303598500788,2.8926403378136456,0,198.69745,,,0.8
real,wildchat-long,LFU,200,3,20000,,,,1,0.19695,0.0,3939,9.038155485177413,2.9978768608998507,0,198.5471,,,0.8
real,wildchat-long,LFU,200,4,20000,,,,1,0.1337,0.0,2674,8.57054695370607,3.0970046296715736,0,198.86375,,,0.8
real,wildchat-long,LFU,200,5,20000,,,,1,0.1645,0.0,3290,8.69218526640907,2.94976937584579,0,198.8365,,,0.8
real,wildchat-long,LFU,200,6,20000,,,,1,0.1759,0.0,3518,8.755582134472206,2.970265335170552,0,198.697,,,0.8
real,wildchat-long,LFU,200,7,20000,,,,1,0.22755,0.0,4551,9.014695812948048,2.922919433331117,0,198.37275,,,0.8
real,wildchat-long,LRU,800,8,20000,,,,1,0.2096,0.0,4192,18.36780805606395,3.458872891496867,0,780.50625,,,0.8
real,wildchat-long,LRU,800,9,20000,,,,1,0.2719,0.0,5438,17.010074574500322,3.1913557439111173,0,775.31765,,,0.8
real,wildchat-long,LRU,1600,0,20000,,,,1,0.4074,0.0,8148,24.73702486604452,2.947018196573481,0,1511.2986,,,0.8
real,wildchat-long,LRU,1600,1,20000,,,,1,0.264,0.0,5280,28.061635012272745,3.3673972182441503,0,1514.39185,,,0.8
real,wildchat-long,LFU,200,8,20000,,,,1,0.12805,0.0,2561,8.550617063883692,3.0398604867514223,0,198.6954,,,0.8
real,wildchat-long,LFU,200,9,20000,,,,1,0.1834,0.0,3668,8.903481980087236,3.0596880649682134,0,198.6062,,,0.8
real,wildchat-long,LFU,400,0,20000,,,,1,0.2694,0.0,5388,11.582067370181903,2.975789236370474,0,394.58605,,,0.8
real,wildchat-long,LFU,400,1,20000,,,,1,0.2022,0.0,4044,12.143186142202467,3.127545985626057,0,394.7802,,,0.8
real,wildchat-long,LFU,400,2,20000,,,,1,0.2609,0.0,5218,10.846527351532131,2.9200034914538264,0,394.895,,,0.8
real,wildchat-long,LFU,400,3,20000,,,,1,0.25905,0.0,5181,11.273571429774165,3.0013596056960523,0,393.78665,,,0.8
real,wildchat-long,LFU,400,4,20000,,,,1,0.1504,0.0,3008,12.262474256567657,3.3065434894524515,0,395.43365,,,0.8
real,wildchat-long,LFU,400,5,20000,,,,1,0.1895,0.0,3790,11.796375474659726,3.1292060913983732,0,393.5495,,,0.8
real,wildchat-long,FIFO,50,0,20000,,,,1,0.3167,0.0,6334,5.978130246512592,2.0912892592605203,0,49.9213,,,0.8
real,wildchat-long,FIFO,50,1,20000,,,,1,0.2145,0.0,4290,6.047739565838128,2.259112405590713,0,49.92905,,,0.8
real,wildchat-long,FIFO,50,2,20000,,,,1,0.30985,0.0,6197,5.781607539393008,2.0366835757158697,0,49.9178,,,0.8
real,wildchat-long,FIFO,50,3,20000,,,,1,0.28985,0.0,5797,6.409924093168229,2.314853511052206,0,49.9378,,,0.8
real,wildchat-long,LFU,400,6,20000,,,,1,0.19925,0.0,3985,11.446079931920394,3.145923133706674,0,394.89845,,,0.8
real,wildchat-long,LFU,400,7,20000,,,,1,0.28395,0.0,5679,12.230361538240686,3.0289770918898284,0,393.01885,,,0.8
real,wildchat-long,LFU,400,8,20000,,,,1,0.14525,0.0,2905,11.876497720368207,3.141719475388527,0,394.925,,,0.8
real,wildchat-long,LFU,400,9,20000,,,,1,0.20755,0.0,4151,11.797514103818685,3.282046940876171,0,393.75315,,,0.8
real,wildchat-long,LRU,1600,2,20000,,,,1,0.39475,0.0,7895,29.358916846103966,3.2351724163163453,0,1514.6426,,,0.8
real,wildchat-long,LRU,1600,3,20000,,,,1,0.3615,0.0,7230,25.624652788974345,3.1279616989195347,0,1510.94525,,,0.8
real,wildchat-long,LRU,1600,4,20000,,,,1,0.22285,0.0,4457,28.34488861844875,3.6382571852300316,0,1523.2905,,,0.8
real,wildchat-long,LRU,1600,5,20000,,,,1,0.2667,0.0,5334,25.88911705533974,3.3780051046051085,0,1435.64785,,,0.8
real,wildchat-long,FIFO,50,4,20000,,,,1,0.1742,0.0,3484,6.13881487515755,2.3555488034617156,0,49.9343,,,0.8
real,wildchat-long,FIFO,50,5,20000,,,,1,0.1897,0.0,3794,6.315302546136081,2.373863250249997,0,49.9329,,,0.8
real,wildchat-long,FIFO,50,6,20000,,,,1,0.21875,0.0,4375,6.690956465899944,2.4457347521092743,0,49.9269,,,0.8
real,wildchat-long,FIFO,50,7,20000,,,,1,0.3092,0.0,6184,6.0907196486368775,2.149378292961046,0,49.90465,,,0.8
real,wildchat-long,FIFO,50,8,20000,,,,1,0.1705,0.0,3410,6.083504593698308,2.3269130615517497,0,49.9268,,,0.8
real,wildchat-long,FIFO,50,9,20000,,,,1,0.2278,0.0,4556,6.129521707771346,2.2874598449561745,0,49.91555,,,0.8
real,wildchat-long,FIFO,100,0,20000,,,,1,0.3379,0.0,6758,6.847558548906818,2.1938826132100075,0,99.7091,,,0.8
real,wildchat-long,FIFO,100,1,20000,,,,1,0.2224,0.0,4448,6.618253455962986,2.233257523039356,0,99.67615,,,0.8
real,wildchat-long,LRU,1600,6,20000,,,,1,0.2689,0.0,5378,28.561067418195307,3.7138974526897073,0,1517.64025,,,0.8
real,wildchat-long,LRU,1600,7,20000,,,,1,0.40825,0.0,8165,22.07180202822201,2.5747379171662033,0,1486.1603,,,0.8
real,wildchat-long,LRU,1600,8,20000,,,,1,0.21765,0.0,4353,29.653988522477448,3.551183035597205,0,1523.64055,,,0.8
real,wildchat-long,LRU,1600,9,20000,,,,1,0.2792,0.0,5584,26.438561046961695,3.4434494853485376,0,1504.6414,,,0.8
real,wildchat-long,FIFO,100,2,20000,,,,1,0.32945,0.0,6589,6.630801648134366,2.131436881609261,0,99.675,,,0.8
real,wildchat-long,FIFO,100,3,20000,,,,1,0.30675,0.0,6135,6.844265735708177,2.198952855542302,0,99.71265,,,0.8
real,wildchat-long,FIFO,100,4,20000,,,,1,0.1825,0.0,3650,6.904224521713331,2.389940316788852,0,99.72515,,,0.8
real,wildchat-long,FIFO,100,5,20000,,,,1,0.20475,0.0,4095,8.566849638009444,2.974749560235068,0,99.7197,,,0.8
real,wildchat-long,LFU,800,0,20000,,,,1,0.30105,0.0,6021,16.701732180081308,3.1459916208405048,0,777.97295,,,0.8
real,wildchat-long,LFU,800,1,20000,,,,1,0.2212,0.0,4424,18.033681821543723,3.2419455936178565,0,778.8844,,,0.8
real,wildchat-long,LFU,800,2,20000,,,,1,0.29965,0.0,5993,17.276744917035103,3.2928863365668803,0,779.7686,,,0.8
real,wildchat-long,LFU,800,3,20000,,,,1,0.2804,0.0,5608,19.6886811114382,4.422009369591251,0,776.20455,,,0.8
real,wildchat-long,FIFO,100,6,20000,,,,1,0.2267,0.0,4534,6.72793397679925,2.3073573654983193,0,99.66635,,,0.8
real,wildchat-long,FIFO,100,7,20000,,,,1,0.33195,0.0,6639,7.333902001846582,2.381312270881608,0,99.61065,,,0.8
real,wildchat-long,FIFO,100,8,20000,,,,1,0.1787,0.0,3574,8.813646115595475,3.197019419167191,0,99.6787,,,0.8
real,wildchat-long,FIFO,100,9,20000,,,,1,0.2363,0.0,4726,8.25555543997325,2.895311318570748,0,99.66715,,,0.8
real,wildchat-long,LFU,800,4,20000,,,,1,0.1662,0.0,3324,18.043588066939265,3.396111592883244,0,781.4589,,,0.8
real,wildchat-long,LFU,800,5,20000,,,,1,0.2067,0.0,4134,16.612055263249204,3.0455051630269736,0,762.41355,,,0.8
real,wildchat-long,LFU,800,6,20000,,,,1,0.2239,0.0,4478,17.558093986008316,3.522154677193612,0,779.8112,,,0.8
real,wildchat-long,LFU,800,7,20000,,,,1,0.35365,0.0,7073,19.787877303315327,4.216456011636183,0,771.2747,,,0.8
real,wildchat-long,FIFO,200,0,20000,,,,1,0.35835,0.0,7167,7.82505696406588,2.07528336904943,0,198.6899,,,0.8
real,wildchat-long,FIFO,200,1,20000,,,,1,0.23245,0.0,4649,9.982979076448828,3.0930956301745027,0,198.66835,,,0.8
real,wildchat-long,FIFO,200,2,20000,,,,1,0.34935,0.0,6987,9.180998394731432,2.5459417141973972,0,198.69745,,,0.8
real,wildchat-long,FIFO,200,3,20000,,,,1,0.32325,0.0,6465,9.381090011447668,2.6521729363594204,0,198.5471,,,0.8
real,wildchat-long,FIFO,200,4,20000,,,,1,0.19145,0.0,3829,9.564499254338443,2.9840890842024237,0,198.86375,,,0.8
real,wildchat-long,FIFO,200,5,20000,,,,1,0.22255,0.0,4451,9.69992617610842,2.995027491124347,0,198.8365,,,0.8
real,wildchat-long,FIFO,200,6,20000,,,,1,0.23735,0.0,4747,9.84503862564452,2.9756442469079047,0,198.697,,,0.8
real,wildchat-long,FIFO,200,7,20000,,,,1,0.352,0.0,7040,9.398768370738253,2.6512470038142055,0,198.37275,,,0.8
real,wildchat-long,FIFO,200,8,20000,,,,1,0.18705,0.0,3741,9.873879665974528,3.118531091604382,0,198.6954,,,0.8
real,wildchat-long,FIFO,200,9,20000,,,,1,0.2474,0.0,4948,9.52926801983267,2.8853984375018626,0,198.6062,,,0.8
real,wildchat-long,FIFO,400,0,20000,,,,1,0.37635,0.0,7527,12.50588662805967,2.753344096709043,0,394.58605,,,0.8
real,wildchat-long,FIFO,400,1,20000,,,,1,0.24305,0.0,4861,11.883654160192236,2.6007481093984097,0,394.7802,,,0.8
real,wildchat-long,LFU,800,8,20000,,,,1,0.16225,0.0,3245,18.367443163879216,3.503320779418573,0,780.50625,,,0.8
real,wildchat-long,LFU,800,9,20000,,,,1,0.23005,0.0,4601,17.31692453031428,3.3333742001559585,0,775.31765,,,0.8
real,wildchat-long,LFU,1600,0,20000,,,,1,0.37165,0.0,7433,28.26068624854088,4.093928070506081,0,1511.2986,,,0.8
real,wildchat-long,LFU,1600,1,20000,,,,1,0.24395,0.0,4879,33.701451058732346,5.63759453361854,0,1514.39185,,,0.8
real,wildchat-long,FIFO,400,2,20000,,,,1,0.36535,0.0,7307,12.615257507422939,2.966053184354678,0,394.895,,,0.8
real,wildchat-long,FIFO,400,3,20000,,,,1,0.3361,0.0,6722,12.469424080336466,2.936857921304181,0,393.78665,,,0.8
real,wildchat-long,FIFO,400,4,20000,,,,1,0.2008,0.0,4016,13.18410697276704,3.262067574542016,0,395.43365,,,0.8
real,wildchat-long,FIFO,400,5,20000,,,,1,0.24095,0.0,4819,11.783788254251704,2.6912937173619866,0,393.5495,,,0.8
real,wildchat-long,FIFO,400,6,20000,,,,1,0.2478,0.0,4956,12.979338003788143,3.274378855712712,0,394.89845,,,0.8
real,wildchat-long,FIFO,400,7,20000,,,,1,0.373,0.0,7460,12.162856088252738,2.7430219866801053,0,393.01885,,,0.8
real,wildchat-long,FIFO,400,8,20000,,,,1,0.1961,0.0,3922,12.408809928456321,2.9447466193232685,0,394.925,,,0.8
real,wildchat-long,FIFO,400,9,20000,,,,1,0.25835,0.0,5167,11.47081030649133,2.5724707636982203,0,393.75315,,,0.8
real,wildchat-long,RR,50,0,20000,,,,1,0.3107,0.0,6214,6.547814584337175,2.56438561482355,0,49.9213,,,0.8
real,wildchat-long,RR,50,1,20000,,,,1,0.2076,0.0,4152,7.201644848100841,3.0093890440184623,0,49.92905,,,0.8
real,wildchat-long,RR,50,2,20000,,,,1,0.302,0.0,6040,6.246187968645245,2.4436141015030444,0,49.9178,,,0.8
real,wildchat-long,RR,50,3,20000,,,,1,0.28435,0.0,5687,6.383625674061477,2.5287500815466046,0,49.9378,,,0.8
real,wildchat-long,LFU,1600,2,20000,,,,1,0.34965,0.0,6993,29.018160281702876,3.5620706563349813,0,1514.6426,,,0.8
real,wildchat-long,LFU,1600,3,20000,,,,1,0.3103,0.0,6206,29.457506153266877,4.1993626684416085,0,1510.94525,,,0.8
real,wildchat-long,LFU,1600,4,20000,,,,1,0.19175,0.0,3835,32.76685189921409,5.620758497389033,0,1523.2905,,,0.8
real,wildchat-long,LFU,1600,5,20000,,,,1,0.2216,0.0,4432,28.761855035554618,4.045150068122894,0,1435.64785,,,0.8
real,wildchat-long,RR,50,4,20000,,,,1,0.16745,0.0,3349,7.319896051194519,3.1392887176480144,0,49.9343,,,0.8
real,wildchat-long,RR,50,5,20000,,,,1,0.1829,0.0,3658,6.7093060875777155,2.821582183241844,0,49.9329,,,0.8
real,wildchat-long,RR,50,6,20000,,,,1,0.21105,0.0,4221,6.5325637988280505,2.706510288408026,0,49.9269,,,0.8
real,wildchat-long,RR,50,7,20000,,,,1,0.30145,0.0,6029,7.112931594019756,2.8685319528449327,0,49.90465,,,0.8
real,wildchat-long,FIFO,800,0,20000,,,,1,0.39055,0.0,7811,17.827731813304126,2.8987330093514174,0,777.97295,,,0.8
real,wildchat-long,FIFO,800,1,20000,,,,1,0.25265,0.0,5053,19.01785935042426,3.1558859802316874,0,778.8844,,,0.8
real,wildchat-long,FIFO,800,2,20000,,,,1,0.37915,0.0,7583,14.512967539485544,2.132235816679895,0,779.7686,,,0.8
real,wildchat-long,FIFO,800,3,20000,,,,1,0.3478,0.0,6956,16.31764731137082,2.558852802030742,0,776.20455,,,0.8
real,wildchat-long,LFU,1600,6,20000,,,,1,0.24755,0.0,4951,28.285936056636274,3.8262755260802805,0,1517.64025,,,0.8
real,wildchat-long,LFU,1600,7,20000,,,,1,0.3899,0.0,7798,28.953698987606913,4.239883623085916,0,1486.1603,,,0.8
real,wildchat-long,LFU,1600,8,20000,,,,1,0.18605,0.0,3721,33.80837958538905,5.803312989883125,0,1523.64055,,,0.8
real,wildchat-long,LFU,1600,9,20000,,,,1,0.2571,0.0,5142,29.504649544833228,4.304311884334311,0,1504.6414,,,0.8
real,wildchat-long,RR,50,8,20000,,,,1,0.16505,0.0,3301,6.59090134431608,2.7959778090007603,0,49.9268,,,0.8
real,wildchat-long,RR,50,9,20000,,,,1,0.2224,0.0,4448,6.569055514410138,2.716077386867255,0,49.91555,,,0.8
real,wildchat-long,RR,100,0,20000,,,,1,0.33215,0.0,6643,7.605280430288985,2.7384407119825482,0,99.7091,,,0.8
real,wildchat-long,RR,100,1,20000,,,,1,0.2177,0.0,4354,7.776877167634666,2.997091575525701,0,99.67615,,,0.8
real,wildchat-long,RR,100,2,20000,,,,1,0.32405,0.0,6481,6.752693880116567,2.4463844776619226,0,99.675,,,0.8
real,wildchat-long,RR,100,3,20000,,,,1,0.3015,0.0,6030,6.735740229487419,2.4558549805078655,0,99.71265,,,0.8
real,wildchat-long,RR,100,4,20000,,,,1,0.17755,0.0,3551,8.295549103058875,3.2885809952858835,0,99.72515,,,0.8
real,wildchat-long,RR,100,5,20000,,,,1,0.2011,0.0,4022,7.678746612509713,3.011139383306727,0,99.7197,,,0.8
real,wildchat-long,RR,100,6,20000,,,,1,0.22135,0.0,4427,7.058875187067315,2.715320122661069,0,99.66635,,,0.8
real,wildchat-long,RR,100,7,20000,,,,1,0.3268,0.0,6536,7.053436007117853,2.5316854589618742,0,99.61065,,,0.8
real,wildchat-long,RR,100,8,20000,,,,1,0.173,0.0,3460,8.244092878885567,3.349493758287281,0,99.6787,,,0.8
real,wildchat-long,RR,100,9,20000,,,,1,0.2323,0.0,4646,7.722273672698066,2.993282303214073,0,99.66715,,,0.8
real,wildchat-long,FIFO,800,4,20000,,,,1,0.21065,0.0,4213,19.792956486344337,3.7220213504042476,0,781.4589,,,0.8
real,wildchat-long,FIFO,800,5,20000,,,,1,0.25595,0.0,5119,17.55906378966756,2.9109329625498503,0,762.41355,,,0.8
real,wildchat-long,FIFO,800,6,20000,,,,1,0.25735,0.0,5147,15.978534211171791,2.70869440282695,0,779.8112,,,0.8
real,wildchat-long,FIFO,800,7,20000,,,,1,0.38845,0.0,7769,16.852968209423125,2.6874890842009336,0,771.2747,,,0.8
real,wildchat-long,RR,200,0,20000,,,,1,0.35295,0.0,7059,8.879759337287396,2.748119132593274,0,198.6899,,,0.8
real,wildchat-long,RR,200,1,20000,,,,1,0.2281,0.0,4562,8.952724270056933,3.054893627995625,0,198.66835,,,0.8
real,wildchat-long,RR,200,2,20000,,,,1,0.34345,0.0,6869,10.017197648994625,3.196746064350009,0,198.69745,,,0.8
real,wildchat-long,RR,200,3,20000,,,,1,0.3171,0.0,6342,8.809664158616215,2.7420605532824993,0,198.5471,,,0.8
real,wildchat-long,RR,200,4,20000,,,,1,0.18645,0.0,3729,8.97898604744114,3.0843133048620075,0,198.86375,,,0.8
real,wildchat-long,RR,200,5,20000,,,,1,0.21915,0.0,4383,10.698441724525765,3.6903188505675644,0,198.8365,,,0.8
real,wildchat-long,RR,200,6,20000,,,,1,0.232,0.0,4640,9.293277992401272,3.0137447989545763,0,198.697,,,0.8
real,wildchat-long,RR,200,7,20000,,,,1,0.34985,0.0,6997,8.412781212246045,2.359571895794943,0,198.37275,,,0.8
real,wildchat-long,FIFO,800,8,20000,,,,1,0.2057,0.0,4114,18.93583089695312,3.404193522874266,0,780.50625,,,0.8
real,wildchat-long,FIFO,800,9,20000,,,,1,0.2676,0.0,5352,17.45483729755506,2.7334723679814488,0,775.31765,,,0.8
real,wildchat-long,FIFO,1600,0,20000,,,,1,0.40255,0.0,8051,26.13455089740455,2.590607199817896,0,1511.2986,,,0.8
real,wildchat-long,FIFO,1600,1,20000,,,,1,0.2604,0.0,5208,28.676046937471256,3.2347437052521855,0,1514.39185,,,0.8
real,wildchat-long,RR,200,8,20000,,,,1,0.18385,0.0,3677,9.111265564570203,3.165748930769041,0,198.6954,,,0.8
real,wildchat-long,RR,200,9,20000,,,,1,0.243,0.0,4860,10.563913662917912,3.651141852606088,0,198.6062,,,0.8
real,wildchat-long,RR,400,0,20000,,,,1,0.371,0.0,7420,11.798542697215453,2.762638876447454,0,394.58605,,,0.8
real,wildchat-long,RR,400,1,20000,,,,1,0.23875,0.0,4775,11.538689106237143,2.9963570355903357,0,394.7802,,,0.8
real,wildchat-long,RR,400,2,20000,,,,1,0.3593,0.0,7186,12.642131536267698,3.423127072164789,0,394.895,,,0.8
real,wildchat-long,RR,400,3,20000,,,,1,0.33135,0.0,6627,11.99030902935192,3.0367100844159722,0,393.78665,,,0.8
real,wildchat-long,RR,400,4,20000,,,,1,0.1974,0.0,3948,11.50114320917055,3.021480835741386,0,395.43365,,,0.8
real,wildchat-long,RR,400,5,20000,,,,1,0.2352,0.0,4704,11.699520429829136,3.239065030356869,0,393.5495,,,0.8
real,wildchat-long,RR,400,6,20000,,,,1,0.2437,0.0,4874,13.058025733334944,3.7863600242417306,0,394.89845,,,0.8
real,wildchat-long,RR,400,7,20000,,,,1,0.36855,0.0,7371,11.94716191967018,2.904320746893063,0,393.01885,,,0.8
real,wildchat-long,RR,400,8,20000,,,,1,0.1918,0.0,3836,12.030506459996104,3.0341495061293244,0,394.925,,,0.8
real,wildchat-long,RR,400,9,20000,,,,1,0.25275,0.0,5055,11.673571995925158,3.171589324483648,0,393.75315,,,0.8
real,wildchat-long,FIFO,1600,2,20000,,,,1,0.3904,0.0,7808,30.138075666036457,3.1703391519840807,0,1514.6426,,,0.8
real,wildchat-long,FIFO,1600,3,20000,,,,1,0.35765,0.0,7153,27.155721484450623,2.7016450883820653,0,1510.94525,,,0.8
real,wildchat-long,FIFO,1600,4,20000,,,,1,0.2197,0.0,4394,28.63625771133229,3.377172857290134,0,1523.2905,,,0.8
real,wildchat-long,FIFO,1600,5,20000,,,,1,0.26455,0.0,5291,24.721454252721742,2.781047363532707,0,1435.64785,,,0.8
real,wildchat-long,FIFO,1600,6,20000,,,,1,0.26495,0.0,5299,28.818613750627264,3.268390882294625,0,1517.64025,,,0.8
real,wildchat-long,FIFO,1600,7,20000,,,,1,0.4018,0.0,8036,25.360574218211696,2.538986160652712,0,1486.1603,,,0.8
real,wildchat-long,FIFO,1600,8,20000,,,,1,0.21475,0.0,4295,30.101331521291286,3.502741554984823,0,1523.64055,,,0.8
real,wildchat-long,FIFO,1600,9,20000,,,,1,0.2754,0.0,5508,25.24241438950412,2.6918899442534894,0,1504.6414,,,0.8
real,wildchat-long,RR,800,0,20000,,,,1,0.38595,0.0,7719,18.180616764584556,3.549342375481501,0,777.97295,,,0.8
real,wildchat-long,RR,800,1,20000,,,,1,0.2485,0.0,4970,17.387247376609594,3.210828348528594,0,778.8844,,,0.8
real,wildchat-long,RR,800,2,20000,,,,1,0.37405,0.0,7481,16.715255565941334,3.0297061719466,0,779.7686,,,0.8
real,wildchat-long,RR,800,3,20000,,,,1,0.34395,0.0,6879,16.785802837694064,3.7279063602909446,0,776.20455,,,0.8
real,wildchat-long,RR,800,4,20000,,,,1,0.2084,0.0,4168,19.410553411580622,4.27156143123284,0,781.4589,,,0.8
real,wildchat-long,RR,800,5,20000,,,,1,0.2517,0.0,5034,17.531846440397203,3.2348710403311998,0,762.41355,,,0.8
real,wildchat-long,RR,800,6,20000,,,,1,0.2541,0.0,5082,16.744056693278253,3.432605304988101,0,779.8112,,,0.8
real,wildchat-long,RR,800,7,20000,,,,1,0.3845,0.0,7690,16.70432899845764,3.739589429460466,0,771.2747,,,0.8
real,wildchat-long,RR,800,8,20000,,,,1,0.2031,0.0,4062,19.23587042838335,4.04992388212122,0,780.50625,,,0.8
real,wildchat-long,RR,800,9,20000,,,,1,0.2643,0.0,5286,17.177861253730953,3.1729195790831,0,775.31765,,,0.8
real,wildchat-long,RR,1600,0,20000,,,,1,0.39685,0.0,7937,24.468953855102882,3.4590668452437967,0,1511.2986,,,0.8
real,wildchat-long,RR,1600,1,20000,,,,1,0.25815,0.0,5163,25.066865066764876,4.475059587275609,0,1514.39185,,,0.8
real,wildchat-long,ARC,50,0,20000,,,,1,0.3507,0.0,7014,14.483987772837281,10.398580320179462,100,49.9213,8.287878787878789,8.885133374566857,0.8
real,wildchat-long,ARC,50,1,20000,,,,1,0.22895,0.0,4579,17.380411317571998,12.92712512658909,100,49.92905,17.76735407695159,11.616269654314651,0.8
real,wildchat-long,ARC,50,2,20000,,,,1,0.3408,0.0,6816,17.44365090271458,12.698954850202426,100,49.9178,11.189740814740816,9.007163363328681,0.8
real,wildchat-long,ARC,50,3,20000,,,,1,0.3156,0.0,6312,16.211666056187823,11.871852376498282,100,49.9378,12.52701267600648,11.177760380232446,0.8
real,wildchat-long,ARC,50,4,20000,,,,1,0.1844,0.0,3688,16.335699445335194,12.283485400257632,100,49.9343,8.48385332754023,17.64417692536672,0.8
real,wildchat-long,ARC,50,5,20000,,,,1,0.21035,0.0,4207,17.285115853883326,12.915004609385505,100,49.9329,20.051282273536273,17.360660881588576,0.8
real,wildchat-long,ARC,50,6,20000,,,,1,0.23255,0.0,4651,18.75222747330554,14.063251047628,100,49.9269,12.200392701553694,10.834504406090897,0.8
real,wildchat-long,ARC,50,7,20000,,,,1,0.34815,0.0,6963,15.359460556646809,11.142911406932399,100,49.90465,12.730964254184066,9.339590499404286,0.8
real,wildchat-long,ARC,50,8,20000,,,,1,0.1806,0.0,3612,16.897512198193,12.687661935342476,100,49.9268,12.551575841486997,17.961552792680436,0.8
real,wildchat-long,ARC,50,9,20000,,,,1,0.24255,0.0,4851,18.351744208484888,13.737565162591636,100,49.91555,16.3675191767297,10.804369161546388,0.8
real,wildchat-long,ARC,100,0,20000,,,,1,0.36605,0.0,7321,16.705755825387314,11.809106101281941,200,99.7091,26.563237688237685,20.703696244262847,0.8
real,wildchat-long,ARC,100,1,20000,,,,1,0.2382,0.0,4764,17.466223798692226,12.78975845198147,200,99.67615,30.17858149236259,18.25467393000563,0.8
real,wildchat-long,RR,1600,2,20000,,,,1,0.38595,0.0,7719,30.034390720538795,3.5583790333475918,0,1514.6426,,,0.8
real,wildchat-long,RR,1600,3,20000,,,,1,0.35395,0.0,7079,25.851323088863865,3.776171774370596,0,1510.94525,,,0.8
real,wildchat-long,RR,1600,4,20000,,,,1,0.21565,0.0,4313,24.836239451542497,4.610437626251951,0,1523.2905,,,0.8
real,wildchat-long,RR,1600,5,20000,,,,1,0.26055,0.0,5211,21.515135787194595,3.624015365494415,0,1435.64785,,,0.8
real,wildchat-long,ARC,100,2,20000,,,,1,0.3554,0.0,7108,16.062912915367633,11.253536056028679,200,99.675,21.71329596329596,20.23291111928819,0.8
real,wildchat-long,ARC,100,3,20000,,,,1,0.3278,0.0,6556,18.204091518418863,12.867164000635967,200,99.71265,12.307692307692307,24.120495213498156,0.8
real,wildchat-long,ARC,100,4,20000,,,,1,0.1944,0.0,3888,18.42051947605796,13.590125821065158,200,99.72515,30.66507276388872,25.630279975010264,0.8
real,wildchat-long,ARC,100,5,20000,,,,1,0.22555,0.0,4511,18.97985737887211,13.918898365227506,200,99.7197,30.531399760739546,22.85862090033705,0.8
real,wildchat-long,ARC,100,6,20000,,,,1,0.2422,0.0,4844,19.01377347530797,13.917608006158844,200,99.66635,21.349977198554367,17.705166658802543,0.8
real,wildchat-long,ARC,100,7,20000,,,,1,0.3663,0.0,7326,17.023556446656585,11.892570386407897,200,99.61065,16.64587274521852,20.832168774805737,0.8
real,wildchat-long,ARC,100,8,20000,,,,1,0.1895,0.0,3790,18.717083195224404,13.841272884747013,200,99.6787,27.967378917221787,23.736033873157236,0.8
real,wildchat-long,ARC,100,9,20000,,,,1,0.2523,0.0,5046,19.324505905387923,13.966540584806353,200,99.66715,31.38065662634699,18.481033789780003,0.8
real,wildchat-long,RR,1600,6,20000,,,,1,0.26225,0.0,5245,28.248349769273773,3.835399000672623,0,1517.64025,,,0.8
real,wildchat-long,RR,1600,7,20000,,,,1,0.39685,0.0,7937,24.424250825541094,3.691043780418113,0,1486.1603,,,0.8
real,wildchat-long,RR,1600,8,20000,,,,1,0.21065,0.0,4213,23.36838520714082,4.295453563099727,0,1523.64055,,,0.8
real,wildchat-long,RR,1600,9,20000,,,,1,0.2731,0.0,5462,27.369817183353007,4.703534411964938,0,1504.6414,,,0.8
real,wildchat-long,ARC,200,0,20000,,,,1,0.37975,0.0,7595,19.448632386047393,12.930966983549297,400,198.6899,41.835205498855544,36.324316351635794,0.8
real,wildchat-long,ARC,200,1,20000,,,,1,0.2464,0.0,4928,20.726238714996725,14.59805152262561,400,198.66835,38.64668414445605,25.0766551178127,0.8
real,wildchat-long,ARC,200,2,20000,,,,1,0.3685,0.0,7370,16.828646755311638,11.151680978946388,400,198.69745,48.90929095868758,28.828232533585695,0.8
real,wildchat-long,ARC,200,3,20000,,,,1,0.33965,0.0,6793,21.30904553923756,14.478061639238149,400,198.5471,58.765330834736275,35.690680980397985,0.8
real,wildchat-long,ARC,200,4,20000,,,,1,0.20195,0.0,4039,23.149425053270534,16.39336416264996,400,198.86375,56.91619873989177,43.288296644607115,0.8
real,wildchat-long,ARC,200,5,20000,,,,1,0.23835,0.0,4767,20.055821241112426,14.098993490915745,400,198.8365,81.42941720692241,57.11657890196482,0.8
real,wildchat-long,ARC,200,6,20000,,,,1,0.2513,0.0,5026,21.751307690283284,15.164374513551593,400,198.697,43.47920803191719,32.45412117061051,0.8
real,wildchat-long,ARC,200,7,20000,,,,1,0.3801,0.0,7602,20.264577778289095,13.523013278609142,400,198.37275,48.58009531796932,35.25976674883497,0.8
real,wildchat-long,ARC,200,8,20000,,,,1,0.1969,0.0,3938,21.468057826859877,15.162837761454284,400,198.6954,56.50006729691199,41.40223524568663,0.8
real,wildchat-long,ARC,200,9,20000,,,,1,0.2609,0.0,5218,18.64476696937345,12.882464221911505,400,198.6062,41.251281965433094,32.199353465303105,0.8
real,wildchat-long,ARC,400,0,20000,,,,1,0.3921,0.0,7842,25.44101114035584,15.815829444909468,800,394.58605,113.514119146525,60.88824394125989,0.8
real,wildchat-long,ARC,400,1,20000,,,,1,0.254,0.0,5080,30.58932019630447,20.157395221758634,800,394.7802,60.21248358739749,36.152531460676784,0.8
real,wildchat-long,ARC,400,2,20000,,,,1,0.3797,0.0,7594,22.087287111207843,13.842160301283002,800,394.895,94.78091261479464,54.90882795823589,0.8
real,wildchat-long,ARC,400,3,20000,,,,1,0.3486,0.0,6972,22.41860944777727,14.01746294577606,800,393.78665,74.86050315687947,52.37928560439173,0.8
real,wildchat-long,ARC,400,4,20000,,,,1,0.21005,0.0,4201,29.25230780383572,19.20477575622499,800,395.43365,105.82233963275695,60.130041048766564,0.8
real,wildchat-long,ARC,400,5,20000,,,,1,0.2508,0.0,5016,30.435686989221722,20.290577632840723,800,393.5495,149.52378781325558,98.44633182735248,0.8
real,wildchat-long,ARC-exact,50,0,20000,,,,1,0.2589,0.0,5178,12.935447605559602,8.142810233402997,100,49.9213,0.0,0.0,0.8
real,wildchat-long,ARC-exact,50,1,20000,,,,1,0.18295,0.0,3659,13.53836128837429,8.685494266683236,100,49.92905,0.0,0.0,0.8
real,wildchat-long,ARC-exact,50,2,20000,,,,1,0.257,0.0,5140,15.442447236273438,9.61958643165417,100,49.9178,0.0,0.0,0.8
real,wildchat-long,ARC-exact,50,3,20000,,,,1,0.24915,0.0,4983,11.51074105873704,7.303933659568429,100,49.9378,0.0,0.0,0.8
real,wildchat-long,ARC-exact,50,4,20000,,,,1,0.13605,0.0,2721,13.541058712871745,8.866684406530112,100,49.9343,0.0,0.0,0.8
real,wildchat-long,ARC-exact,50,5,20000,,,,1,0.1603,0.0,3206,15.083769150078297,9.712964267237112,100,49.9329,0.0,0.0,0.8
real,wildchat-long,ARC-exact,50,6,20000,,,,1,0.18205,0.0,3641,14.3982071778737,9.30354553856887,100,49.9269,0.0,0.0,0.8
real,wildchat-long,ARC-exact,50,7,20000,,,,1,0.2245,0.0,4490,11.266711761709303,7.213372609112412,100,49.90465,0.0,0.0,0.8
real,wildchat-long,ARC-exact,50,8,20000,,,,1,0.13225,0.0,2645,13.977188628632575,9.179045935161412,100,49.9268,0.0,0.0,0.8
real,wildchat-long,ARC-exact,50,9,20000,,,,1,0.1905,0.0,3810,15.853999083628878,9.93619555956684,100,49.91555,0.0,0.0,0.8
real,wildchat-long,ARC-exact,100,0,20000,,,,1,0.26845,0.0,5369,12.808587460312992,7.76643186691217,200,99.7091,0.0,0.0,0.8
real,wildchat-long,ARC-exact,100,1,20000,,,,1,0.1918,0.0,3836,11.863320402335376,7.359348586760461,200,99.67615,0.0,0.0,0.8
real,wildchat-long,ARC,400,6,20000,,,,1,0.2572,0.0,5144,23.0374135193415,14.983318338636309,800,394.89845,45.576477081139174,23.623604815353286,0.8
real,wildchat-long,ARC,400,7,20000,,,,1,0.39275,0.0,7855,25.844954629428685,16.109971824334934,800,393.01885,106.20060377970069,67.35549147499142,0.8
real,wildchat-long,ARC,400,8,20000,,,,1,0.20545,0.0,4109,31.4065114420373,20.78822641633451,800,394.925,103.82213009625757,57.06543865097186,0.8
real,wildchat-long,ARC,400,9,20000,,,,1,0.26815,0.0,5363,26.51332222740166,17.66996467486024,800,393.75315,61.9244522735235,33.554356336285686,0.8
real,wildchat-long,ARC-exact,100,2,20000,,,,1,0.2696,0.0,5392,16.118438832927495,9.435624117031693,200,99.675,0.0,0.0,0.8
real,wildchat-long,ARC-exact,100,3,20000,,,,1,0.25795,0.0,5159,13.282386568607762,8.058469602838159,200,99.71265,0.0,0.0,0.8
real,wildchat-long,ARC-exact,100,4,20000,,,,1,0.14295,0.0,2859,12.257056235102937,7.742934540146963,200,99.72515,0.0,0.0,0.8
real,wildchat-long,ARC-exact,100,5,20000,,,,1,0.1722,0.0,3444,18.58440366340801,11.374741973122582,200,99.7197,0.0,0.0,0.8
real,wildchat-long,ARC-exact,100,6,20000,,,,1,0.19075,0.0,3815,12.727101903874427,7.879566721385346,200,99.66635,0.0,0.0,0.8
real,wildchat-long,ARC-exact,100,7,20000,,,,1,0.2483,0.0,4966,12.133826315402985,7.2743702796287835,200,99.61065,0.0,0.0,0.8
real,wildchat-long,ARC-exact,100,8,20000,,,,1,0.138,0.0,2760,16.89570089802146,10.638488276163116,200,99.6787,0.0,0.0,0.8
real,wildchat-long,ARC-exact,100,9,20000,,,,1,0.19955,0.0,3991,13.873791857622564,8.539952954743057,200,99.66715,0.0,0.0,0.8
real,wildchat-long,ARC,800,0,20000,,,,1,0.4012,0.0,8024,31.675580056617036,17.559827922377735,1600,777.97295,146.64550087582896,64.12506487260413,0.8
real,wildchat-long,ARC,800,1,20000,,,,1,0.26095,0.0,5219,40.976714680437,24.42587473196909,1600,778.8844,104.66512925055419,40.99379649378089,0.8
real,wildchat-long,ARC,800,2,20000,,,,1,0.3893,0.0,7786,32.72226074477658,18.473566428292543,1600,779.7686,147.91906949399785,60.990034552889796,0.8
real,wildchat-long,ARC,800,3,20000,,,,1,0.3558,0.0,7116,34.46708178962581,19.216693862108514,1600,776.20455,143.64912280701753,55.69222894735669,0.8
real,wildchat-long,ARC-exact,200,0,20000,,,,1,0.27955,0.0,5591,13.129143696278334,7.217254641000181,400,198.6899,0.0,0.0,0.8
real,wildchat-long,ARC-exact,200,1,20000,,,,1,0.2018,0.0,4036,19.030048476997763,10.651524225249887,400,198.66835,0.0,0.0,0.8
real,wildchat-long,ARC-exact,200,2,20000,,,,1,0.27905,0.0,5581,15.066863066749647,8.240942348493263,400,198.69745,0.0,0.0,0.8
real,wildchat-long,ARC-exact,200,3,20000,,,,1,0.2666,0.0,5332,15.30708774807863,8.467113471124321,400,198.5471,0.0,0.0,0.8
real,wildchat-long,ARC-exact,200,4,20000,,,,1,0.1517,0.0,3034,17.148392117815092,9.621841728221625,400,198.86375,0.0,0.0,0.8
real,wildchat-long,ARC-exact,200,5,20000,,,,1,0.1867,0.0,3734,16.35798200732097,9.314071759581566,400,198.8365,0.0,0.0,0.8
real,wildchat-long,ARC-exact,200,6,20000,,,,1,0.2014,0.0,4028,16.34875723393634,9.310810541501269,400,198.697,0.0,0.0,0.8
real,wildchat-long,ARC-exact,200,7,20000,,,,1,0.2677,0.0,5354,15.86851928732358,8.819690305972472,400,198.37275,0.0,0.0,0.8
real,wildchat-long,ARC,800,4,20000,,,,1,0.2173,0.0,4346,37.85325473872945,22.68246046733111,1600,781.4589,123.37003994176716,52.37625463042578,0.8
real,wildchat-long,ARC,800,5,20000,,,,1,0.2585,0.0,5170,41.205853287829086,24.667656607925892,1600,762.41355,150.98980177862163,70.6163338605577,0.8
real,wildchat-long,ARC,800,6,20000,,,,1,0.2653,0.0,5306,38.41879427200183,23.38207102729939,1600,779.8112,119.9886630528496,51.543315310826344,0.8
real,wildchat-long,ARC,800,7,20000,,,,1,0.40365,0.0,8073,40.116278355708346,22.305639210389927,1600,771.2747,100.75968414739685,45.34110682396466,0.8
real,wildchat-long,ARC-exact,200,8,20000,,,,1,0.1475,0.0,2950,18.65516328252852,11.017962446203455,400,198.6954,0.0,0.0,0.8
real,wildchat-long,ARC-exact,200,9,20000,,,,1,0.2116,0.0,4232,15.787277760682628,8.960631908848882,400,198.6062,0.0,0.0,0.8
real,wildchat-long,ARC-exact,400,0,20000,,,,1,0.2921,0.0,5842,18.880885338876396,9.080142853781581,800,394.58605,0.0,0.0,0.8
real,wildchat-long,ARC-exact,400,1,20000,,,,1,0.215,0.0,4300,23.291693668579683,11.434735188959166,800,394.7802,0.0,0.0,0.8
real,wildchat-long,ARC-exact,400,2,20000,,,,1,0.2925,0.0,5850,21.47238192264922,10.676567535847425,800,394.895,0.0,0.0,0.8
real,wildchat-long,ARC-exact,400,3,20000,,,,1,0.2819,0.0,5638,18.564211472403258,8.949754759669304,800,393.78665,0.0,0.0,0.8
real,wildchat-long,ARC-exact,400,4,20000,,,,1,0.16475,0.0,3295,21.106020163279027,10.570964403450489,800,395.43365,0.0,0.0,0.8
real,wildchat-long,ARC-exact,400,5,20000,,,,1,0.2016,0.0,4032,25.59432513662614,13.046425872016698,800,393.5495,0.0,0.0,0.8
real,wildchat-long,ARC-exact,400,6,20000,,,,1,0.21515,0.0,4303,19.35042141121812,9.534099948359653,800,394.89845,0.0,0.0,0.8
real,wildchat-long,ARC-exact,400,7,20000,,,,1,0.3225,0.0,6450,18.457675562240183,8.717686409363523,800,393.01885,0.0,0.0,0.8
real,wildchat-long,ARC-exact,400,8,20000,,,,1,0.1596,0.0,3192,24.428997485665604,11.884297605138272,800,394.925,0.0,0.0,0.8
real,wildchat-long,ARC-exact,400,9,20000,,,,1,0.2248,0.0,4496,23.462237912463024,11.415998311713338,800,393.75315,0.0,0.0,0.8
real,wildchat-long,LRU-batch,50,0,20000,,,,1,0.3298,0.0,6596,9.210882493061945,3.209736541612074,0,45.42135,,,0.8
real,wildchat-long,LRU-batch,50,1,20000,,,,1,0.21605,0.0,4321,8.455446205334738,3.2548858202062547,0,45.4339,,,0.8
real,wildchat-long,LRU-batch,50,2,20000,,,,1,0.3206,0.0,6412,7.570098823634908,2.6991565246134996,0,45.43165,,,0.8
real,wildchat-long,LRU-batch,50,3,20000,,,,1,0.2981,0.0,5962,6.774514092830941,2.4009864311665297,0,45.44555,,,0.8
real,wildchat-long,LRU-batch,50,4,20000,,,,1,0.175,0.0,3500,8.588099281769246,3.129386290675029,0,45.4672,,,0.8
real,wildchat-long,LRU-batch,50,5,20000,,,,1,0.1941,0.0,3882,8.279919397318736,3.0876045871991664,0,45.47125,,,0.8
real,wildchat-long,LRU-batch,50,6,20000,,,,1,0.2202,0.0,4404,7.484522636514157,2.7501833392307162,0,45.43635,,,0.8
real,wildchat-long,LRU-batch,50,7,20000,,,,1,0.32905,0.0,6581,6.894306238973513,2.3942866770084947,0,45.4247,,,0.8
real,wildchat-long,ARC,800,8,20000,,,,1,0.212,0.0,4240,38.599400012753904,23.059413983719423,1600,780.50625,131.13111360351763,52.29363486559358,0.8
real,wildchat-long,ARC,800,9,20000,,,,1,0.27555,0.0,5511,36.124405870214105,21.081926813349128,1600,775.31765,97.09025163042392,39.91398518762742,0.8
real,wildchat-long,ARC,1600,0,20000,,,,1,0.4094,0.0,8188,50.76794908964075,23.59868962666951,3200,1511.2986,133.0,29.4017,0.8
real,wildchat-long,ARC,1600,1,20000,,,,1,0.26815,0.0,5363,65.29087887029164,31.014845683239397,3065,1514.39185,86.0,26.8055,0.8
real,wildchat-long,LRU-batch,50,8,20000,,,,1,0.17125,0.0,3425,7.507816347060725,2.791744511341676,0,45.4482,,,0.8
real,wildchat-long,LRU-batch,50,9,20000,,,,1,0.2299,0.0,4598,7.245895714731887,2.6833629235625267,0,45.4371,,,0.8
real,wildchat-long,LRU-batch,100,0,20000,,,,1,0.34975,0.0,6995,6.910684803733602,2.1417337527964264,0,90.27305,,,0.8
real,wildchat-long,LRU-batch,100,1,20000,,,,1,0.2234,0.0,4468,7.120164256775752,2.375710924388841,0,90.27315,,,0.8
real,wildchat-long,LRU-batch,100,2,20000,,,,1,0.34025,0.0,6805,7.690319104585797,2.4999758461490273,0,90.26175,,,0.8
real,wildchat-long,LRU-batch,100,3,20000,,,,1,0.31435,0.0,6287,7.006112672388554,2.1914325596299022,0,90.2777,,,0.8
real,wildchat-long,LRU-batch,100,4,20000,,,,1,0.183,0.0,3660,6.978247727965936,2.3336992075201124,0,90.27285,,,0.8
real,wildchat-long,LRU-batch,100,5,20000,,,,1,0.2116,0.0,4232,7.368356897495687,2.4756987346336246,0,90.387,,,0.8
real,wildchat-long,ARC-exact,800,0,20000,,,,1,0.32175,0.0,6435,24.95016279281117,9.77795468061231,1600,777.97295,0.0,0.0,0.8
real,wildchat-long,ARC-exact,800,1,20000,,,,1,0.2396,0.0,4792,33.626771497074515,13.090315111912787,1600,778.8844,0.0,0.0,0.8
real,wildchat-long,ARC-exact,800,2,20000,,,,1,0.3168,0.0,6336,29.248828277923167,11.666708765551448,1600,779.7686,0.0,0.0,0.8
real,wildchat-long,ARC-exact,800,3,20000,,,,1,0.2983,0.0,5966,24.110716010909528,8.78379003261216,1600,776.20455,0.0,0.0,0.8
real,wildchat-long,LRU-batch,100,6,20000,,,,1,0.22745,0.0,4549,7.255187840200961,2.390520356129855,0,90.2884,,,0.8
real,wildchat-long,LRU-batch,100,7,20000,,,,1,0.3468,0.0,6936,6.545636325608939,2.070040546823293,0,90.18435,,,0.8
real,wildchat-long,LRU-batch,100,8,20000,,,,1,0.1788,0.0,3576,7.646934146760032,2.546427835477516,0,90.28045,,,0.8
real,wildchat-long,LRU-batch,100,9,20000,,,,1,0.2377,0.0,4754,8.047144371084869,2.4989731435198337,0,90.2948,,,0.8
real,wildchat-long,LRU-batch,200,0,20000,,,,1,0.36575,0.0,7315,7.832471147412434,2.0752007723785937,0,179.47275,,,0.8
real,wildchat-long,LRU-batch,200,1,20000,,,,1,0.23505,0.0,4701,8.562166045885533,2.437131979968399,0,179.4512,,,0.8
real,wildchat-long,LRU-batch,200,2,20000,,,,1,0.35715,0.0,7143,8.639477100223303,2.2506900713779032,0,179.54175,,,0.8
real,wildchat-long,LRU-batch,200,3,20000,,,,1,0.3297,0.0,6594,9.16234339820221,2.429211721755564,0,179.5426,,,0.8
real,wildchat-long,LRU-batch,200,4,20000,,,,1,0.1926,0.0,3852,8.107434632256627,2.3108808847609907,0,179.62305,,,0.8
real,wildchat-long,LRU-batch,200,5,20000,,,,1,0.22825,0.0,4565,8.516042307019234,2.4413455394096673,0,179.6964,,,0.8
real,wildchat-long,LRU-batch,200,6,20000,,,,1,0.2393,0.0,4786,9.804454474942759,2.7660368068609387,0,179.3342,,,0.8
real,wildchat-long,LRU-batch,200,7,20000,,,,1,0.36225,0.0,7245,10.10322462534532,2.63310382142663,0,179.2395,,,0.8
real,wildchat-long,ARC,1600,2,20000,,,,1,0.39715,0.0,7943,55.2681585890241,25.982875266345218,3200,1514.6426,109.61538461538461,27.321465384614783,0.8
real,wildchat-long,ARC,1600,3,20000,,,,1,0.3623,0.0,7246,47.58403814630583,22.428454644978046,3200,1510.94525,69.34285714285714,23.599972857142408,0.8
real,wildchat-long,ARC,1600,4,20000,,,,1,0.2244,0.0,4488,67.2862631152384,33.450837136479095,3200,1523.2905,94.0,23.3211,0.8
real,wildchat-long,ARC,1600,5,20000,,,,1,0.2648,0.0,5296,62.014897633343935,31.145045242737975,3200,1435.64785,91.625,26.77000625,0.8
real,wildchat-long,ARC-exact,800,4,20000,,,,1,0.18815,0.0,3763,30.592863471247256,12.412520899670199,1600,781.4589,0.0,0.0,0.8
real,wildchat-long,ARC-exact,800,5,20000,,,,1,0.22325,0.0,4465,32.08386985352263,13.32350336597301,1600,762.41355,0.0,0.0,0.8
real,wildchat-long,ARC-exact,800,6,20000,,,,1,0.23935,0.0,4787,23.80588580854237,9.368733398150653,1600,779.8112,0.0,0.0,0.8
real,wildchat-long,ARC-exact,800,7,20000,,,,1,0.36265,0.0,7253,28.745853441068903,10.682019934756681,1600,771.2747,0.0,0.0,0.8
real,wildchat-long,ARC,1600,6,20000,,,,1,0.2724,0.0,5448,57.41818462847732,28.05180642171763,3127,1517.64025,84.0,21.18755,0.8
real,wildchat-long,ARC,1600,7,20000,,,,1,0.41245,0.0,8249,49.668152985395864,23.69542550877668,3200,1486.1603,128.0,40.32815,0.8
real,wildchat-long,ARC,1600,8,20000,,,,1,0.21955,0.0,4391,69.21108533279039,32.573930255603045,3200,1523.64055,87.0,21.18655,0.8
real,wildchat-long,ARC,1600,9,20000,,,,1,0.28335,0.0,5667,57.30122623499483,27.15301105636172,3105,1504.6414,80.0,20.7781,0.8
real,wildchat-long,LRU-batch,200,8,20000,,,,1,0.1883,0.0,3766,8.810579357668757,2.4275199859403074,0,179.52915,,,0.8
real,wildchat-long,LRU-batch,200,9,20000,,,,1,0.24945,0.0,4989,10.6339032179676,3.0279778060503304,0,179.47915,,,0.8
real,wildchat-long,LRU-batch,400,0,20000,,,,1,0.38425,0.0,7685,13.685661152703688,2.8886631538625807,0,356.3558,,,0.8
real,wildchat-long,LRU-batch,400,1,20000,,,,1,0.2471,0.0,4942,12.322791962651536,2.6358140457887203,0,356.3846,,,0.8
real,wildchat-long,LRU-batch,400,2,20000,,,,1,0.37195,0.0,7439,12.133543088566512,2.5344085705000907,0,356.3259,,,0.8
real,wildchat-long,LRU-batch,400,3,20000,,,,1,0.3409,0.0,6818,13.375880167586729,2.9514493129681796,0,355.5117,,,0.8
real,wildchat-long,LRU-batch,400,4,20000,,,,1,0.204,0.0,4080,12.393391487421468,2.777733956463635,0,356.9907,,,0.8
real,wildchat-long,LRU-batch,400,5,20000,,,,1,0.2463,0.0,4926,12.601225060643628,2.9644945345353335,0,356.0213,,,0.8
real,wildchat-long,LRU-batch,400,6,20000,,,,1,0.2524,0.0,5048,12.820833281148225,2.7727137261535972,0,356.64275,,,0.8
real,wildchat-long,LRU-batch,400,7,20000,,,,1,0.38315,0.0,7663,13.028548960573971,2.618162758881226,0,354.88055,,,0.8
real,wildchat-long,LRU-batch,400,8,20000,,,,1,0.1986,0.0,3972,12.982040271162987,3.0968200357165188,0,356.33725,,,0.8
real,wildchat-long,LRU-batch,400,9,20000,,,,1,0.2625,0.0,5250,12.197189219295979,2.76276440708898,0,356.0778,,,0.8
real,wildchat-long,ARC-exact,800,8,20000,,,,1,0.18245,0.0,3649,36.191417573718354,15.251462103333324,1600,780.50625,0.0,0.0,0.8
real,wildchat-long,ARC-exact,800,9,20000,,,,1,0.248,0.0,4960,26.96753263589926,10.957708902424201,1600,775.31765,0.0,0.0,0.8
real,wildchat-long,ARC-exact,1600,0,20000,,,,1,0.4037,0.0,8074,41.361469990806654,11.206398595822975,3200,1511.2986,0.0,0.0,0.8
real,wildchat-long,ARC-exact,1600,1,20000,,,,1,0.2683,0.0,5366,42.29384592617862,12.798791861860082,3004,1514.39185,0.0,0.0,0.8
real,wildchat-long,LRU-batch,800,0,20000,,,,1,0.3955,0.0,7910,18.405576527584344,2.8503140376415104,0,702.26855,,,0.8
real,wildchat-long,LRU-batch,800,1,20000,,,,1,0.25575,0.0,5115,17.577978543704376,2.8174961335025728,0,703.8237,,,0.8
real,wildchat-long,LRU-batch,800,2,20000,,,,1,0.38355,0.0,7671,16.742839821381494,2.487702970393002,0,703.74125,,,0.8
real,wildchat-long,LRU-batch,800,3,20000,,,,1,0.35125,0.0,7025,16.60343820694834,2.7085997979156673,0,700.9332,,,0.8
real,wildchat-long,LRU-batch,800,4,20000,,,,1,0.21345,0.0,4269,19.152644503628835,3.0803419824223965,0,705.62965,,,0.8
real,wildchat-long,LRU-batch,800,5,20000,,,,1,0.2586,0.0,5172,18.285491777351126,3.083667135797441,0,691.47865,,,0.8
real,wildchat-long,LRU-batch,800,6,20000,,,,1,0.26025,0.0,5205,16.71673334785737,2.650130819529295,0,704.295,,,0.8
real,wildchat-long,LRU-batch,800,7,20000,,,,1,0.3967,0.0,7934,15.41814913507551,2.409065666142851,0,697.5456,,,0.8
real,wildchat-long,ARC-exact,1600,2,20000,,,,1,0.39125,0.0,7825,49.09924062085338,14.723326551029459,3200,1514.6426,0.0,0.0,0.8
real,wildchat-long,ARC-exact,1600,3,20000,,,,1,0.358,0.0,7160,36.65090842987411,10.23437381372787,3200,1510.94525,0.0,0.0,0.8
real,wildchat-long,ARC-exact,1600,4,20000,,,,1,0.2239,0.0,4478,45.48973035416566,14.464266831055284,3155,1523.2905,0.0,0.0,0.8
real,wildchat-long,ARC-exact,1600,5,20000,,,,1,0.26455,0.0,5291,36.840137268882245,11.282182455761358,3194,1435.64785,0.0,0.0,0.8
real,wildchat-long,ARC-exact,1600,6,20000,,,,1,0.2725,0.0,5450,50.474862213013694,15.739445213694124,3073,1517.64025,0.0,0.0,0.8
real,wildchat-long,ARC-exact,1600,7,20000,,,,1,0.4097,0.0,8194,39.638138527516276,11.239775613648817,3200,1486.1603,0.0,0.0,0.8
real,wildchat-long,ARC-exact,1600,8,20000,,,,1,0.2191,0.0,4382,45.01953502185643,14.128070510923862,3145,1523.64055,0.0,0.0,0.8
real,wildchat-long,ARC-exact,1600,9,20000,,,,1,0.2833,0.0,5666,34.41805146867409,10.20924233016558,3052,1504.6414,0.0,0.0,0.8
real,wildchat-long,LRU-batch,800,8,20000,,,,1,0.20825,0.0,4165,18.241889047203586,3.010291652753949,0,704.662,,,0.8
real,wildchat-long,LRU-batch,800,9,20000,,,,1,0.2707,0.0,5414,17.942767473869026,2.9443628271110356,0,700.74395,,,0.8
real,wildchat-long,LRU-batch,1600,0,20000,,,,1,0.40585,0.0,8117,26.847924181493,2.784132765373215,0,1369.5248,,,0.8
real,wildchat-long,LRU-batch,1600,1,20000,,,,1,0.26255,0.0,5251,20.48466759151779,2.1405648556537926,0,1371.39225,,,0.8
real,wildchat-long,LRU-batch,1600,2,20000,,,,1,0.3933,0.0,7866,29.06753736315295,2.958078496158123,0,1372.5947,,,0.8
real,wildchat-long,LRU-batch,1600,3,20000,,,,1,0.3597,0.0,7194,26.86935851816088,2.814151393249631,0,1366.2935,,,0.8
real,wildchat-long,LRU-batch,1600,4,20000,,,,1,0.2218,0.0,4436,21.399155881954357,2.2443806170485914,0,1379.45005,,,0.8
real,wildchat-long,LRU-batch,1600,5,20000,,,,1,0.2657,0.0,5314,13.021521538030356,1.896265911636874,0,1306.21465,,,0.8
real,wildchat-long,LRU-batch,1600,6,20000,,,,1,0.2677,0.0,5354,28.28470733948052,3.187444811919704,0,1374.61925,,,0.8
real,wildchat-long,LRU-batch,1600,7,20000,,,,1,0.4067,0.0,8134,26.029404846485704,2.786958572687581,0,1350.2729,,,0.8
real,wildchat-long,LRU-batch,1600,8,20000,,,,1,0.21595,0.0,4319,20.544256520224735,2.2854152077343315,0,1379.2546,,,0.8
real,wildchat-long,LRU-batch,1600,9,20000,,,,1,0.2778,0.0,5556,12.927902111550793,1.8375808373093605,0,1362.2481,,,0.8
