trace,policy,capacity,seed,quantile,latency_us
quora-drift,LRU,400,0,0.1,2.9170187190175056
quora-drift,LRU,400,0,0.5,3.374996595084667
quora-drift,LRU,400,0,1,3.5830307751893997
quora-drift,LRU,400,0,2,3.7080608308315277
quora-drift,LRU,400,0,5,3.8329744711518288
quora-drift,LRU,400,0,10,3.9169099181890488
quora-drift,LRU,400,0,15,3.9580045267939568
quora-drift,LRU,400,0,20,4.00003045797348
quora-drift,LRU,400,0,25,4.042056389153004
quora-drift,LRU,400,0,30,4.084082320332527
quora-drift,LRU,400,0,35,4.165922291576862
quora-drift,LRU,400,0,40,4.207948222756386
quora-drift,LRU,400,0,45,4.249974153935909
quora-drift,LRU,400,0,50,4.292000085115433
quora-drift,LRU,400,0,55,4.375004209578037
quora-drift,LRU,400,0,60,4.458939656615257
quora-drift,LRU,400,0,65,5.916925147175789
quora-drift,LRU,400,0,70,6.08398113399744
quora-drift,LRU,400,0,75,6.167101673781872
quora-drift,LRU,400,0,80,6.250105798244476
quora-drift,LRU,400,0,85,6.334041245281696
quora-drift,LRU,400,0,90,6.417045369744301
quora-drift,LRU,400,0,95,6.541027687489986
quora-drift,LRU,400,0,98,6.666057743132114
quora-drift,LRU,400,0,99,6.749993190169334
quora-drift,LRU,400,0,99.5,6.875023245811462
quora-drift,LRU,400,0,99.9,12.000183924102096
quora-drift,LRU,400,1,0.1,2.874992787837982
quora-drift,LRU,400,1,0.5,3.1669577583670616
quora-drift,LRU,400,1,1,3.4580007195472717
quora-drift,LRU,400,1,2,3.7079444155097008
quora-drift,LRU,400,1,5,3.8330908864736557
quora-drift,LRU,400,1,10,3.95788811147213
quora-drift,LRU,400,1,15,4.00003045797348
quora-drift,LRU,400,1,20,4.041939973831177
quora-drift,LRU,400,1,25,4.083034582436085
quora-drift,LRU,400,1,30,4.125060513615608
quora-drift,LRU,400,1,35,4.167086444795132
quora-drift,LRU,400,1,40,4.249974153935909
quora-drift,LRU,400,1,45,4.292000085115433
quora-drift,LRU,400,1,50,4.375004209578037
quora-drift,LRU,400,1,55,4.458008334040642
quora-drift,LRU,400,1,60,5.041016265749931
quora-drift,LRU,400,1,65,6.041023880243301
quora-drift,LRU,400,1,70,6.167101673781872
quora-drift,LRU,400,1,75,6.291898898780346
quora-drift,LRU,400,1,80,6.375019438564777
quora-drift,LRU,400,1,85,6.458023563027382
quora-drift,LRU,400,1,90,6.542075425386429
quora-drift,LRU,400,1,95,6.749993190169334
quora-drift,LRU,400,1,98,7.375027053058147
quora-drift,LRU,400,1,99,7.874915609136224
quora-drift,LRU,400,1,99.5,9.66701190918684
quora-drift,LRU,400,1,99.9,18.708309624345073
quora-drift,LRU,400,2,0.1,2.791987732052803
quora-drift,LRU,400,2,0.5,3.249966539442539
quora-drift,LRU,400,2,1,3.4999102354049683
quora-drift,LRU,400,2,2,3.708992153406143
quora-drift,LRU,400,2,5,3.8750004023313522
quora-drift,LRU,400,2,10,3.9170263335108757
quora-drift,LRU,400,2,15,3.9589358493685722
quora-drift,LRU,400,2,20,4.00003045797348
quora-drift,LRU,400,2,25,4.041939973831177
quora-drift,LRU,400,2,30,4.083034582436085
quora-drift,LRU,400,2,35,4.125060513615608
quora-drift,LRU,400,2,40,4.166970029473305
quora-drift,LRU,400,2,45,4.208995960652828
quora-drift,LRU,400,2,50,4.250090569257736
quora-drift,LRU,400,2,55,4.332978278398514
quora-drift,LRU,400,2,60,4.417030140757561
quora-drift,LRU,400,2,65,5.999929271638393
quora-drift,LRU,400,2,70,6.124959327280521
quora-drift,LRU,400,2,75,6.207963451743126
quora-drift,LRU,400,2,80,6.29096757620573
quora-drift,LRU,400,2,85,6.332993507385254
quora-drift,LRU,400,2,90,6.415997631847858
quora-drift,LRU,400,2,95,6.500049494206905
quora-drift,LRU,400,2,98,6.624963134527206
quora-drift,LRU,400,2,99,6.709014996886253
quora-drift,LRU,400,2,99.5,7.042079232633114
quora-drift,LRU,400,2,99.9,16.417213017121757
quora-drift,LFU,400,0,0.1,3.12489562202245
quora-drift,LFU,400,0,0.5,3.500026650726795
quora-drift,LFU,400,0,1,3.6669662222266197
quora-drift,LFU,400,0,2,3.8750004023313522
quora-drift,LFU,400,0,5,4.00003045797348
quora-drift,LFU,400,0,10,4.083034582436085
quora-drift,LFU,400,0,15,4.166970029473305
quora-drift,LFU,400,0,20,4.249974153935909
quora-drift,LFU,400,0,25,4.292000085115433
quora-drift,LFU,400,0,30,4.375004209578037
quora-drift,LFU,400,0,35,4.458008334040642
quora-drift,LFU,400,0,40,4.583969712257385
quora-drift,LFU,400,0,45,5.08397351950407
quora-drift,LFU,400,0,50,5.792011506855488
quora-drift,LFU,400,0,55,5.875015631318092
quora-drift,LFU,400,0,60,5.958019755780697
quora-drift,LFU,400,0,65,6.041023880243301
quora-drift,LFU,400,0,70,6.08398113399744
quora-drift,LFU,400,0,75,6.166053935885429
quora-drift,LFU,400,0,80,6.249989382922649
quora-drift,LFU,400,0,85,6.332993507385254
quora-drift,LFU,400,0,90,6.499933078885078
quora-drift,LFU,400,0,95,6.667105481028557
quora-drift,LFU,400,0,98,6.9160014390945435
quora-drift,LFU,400,0,99,7.08398874849081
quora-drift,LFU,400,0,99.5,7.833936833776534
quora-drift,LFU,400,0,99.9,14.625148964114967
quora-drift,LFU,400,1,0.1,2.874992787837982
quora-drift,LFU,400,1,0.5,3.3329706639051437
quora-drift,LFU,400,1,1,3.5420525819063187
quora-drift,LFU,400,1,2,3.8339057937264442
quora-drift,LFU,400,1,5,4.00003045797348
quora-drift,LFU,400,1,10,4.124944098293781
quora-drift,LFU,400,1,15,4.167086444795132
quora-drift,LFU,400,1,20,4.249974153935909
quora-drift,LFU,400,1,25,4.332978278398514
quora-drift,LFU,400,1,30,4.375004209578037
quora-drift,LFU,400,1,35,4.459056071937084
quora-drift,LFU,400,1,40,4.58303838968277
quora-drift,LFU,400,1,45,4.792003892362118
quora-drift,LFU,400,1,50,5.917041562497616
quora-drift,LFU,400,1,55,6.041955202817917
quora-drift,LFU,400,1,60,6.124959327280521
quora-drift,LFU,400,1,65,6.166985258460045
quora-drift,LFU,400,1,70,6.249989382922649
quora-drift,LFU,400,1,75,6.292015314102173
quora-drift,LFU,400,1,80,6.37490302324295
quora-drift,LFU,400,1,85,6.417045369744301
quora-drift,LFU,400,1,90,6.500049494206905
quora-drift,LFU,400,1,95,6.625079549849033
quora-drift,LFU,400,1,98,6.792019121348858
quora-drift,LFU,400,1,99,6.958958692848682
quora-drift,LFU,400,1,99.5,7.834351272322322
quora-drift,LFU,400,1,99.9,15.708202729002283
quora-drift,LFU,400,2,0.1,2.9579969123005867
quora-drift,LFU,400,2,0.5,3.249966539442539
quora-drift,LFU,400,2,1,3.4170225262641907
quora-drift,LFU,400,2,2,3.7499703466892242
quora-drift,LFU,400,2,5,3.9999140426516533
quora-drift,LFU,400,2,10,4.083034582436085
quora-drift,LFU,400,2,15,4.165922291576862
quora-drift,LFU,400,2,20,4.208064638078213
quora-drift,LFU,400,2,25,4.291068762540817
quora-drift,LFU,400,2,30,4.334026016294956
quora-drift,LFU,400,2,35,4.417030140757561
quora-drift,LFU,400,2,40,4.541943781077862
quora-drift,LFU,400,2,45,4.791072569787502
quora-drift,LFU,400,2,50,5.915993824601173
quora-drift,LFU,400,2,55,6.0409074649214745
quora-drift,LFU,400,2,60,6.124959327280521
quora-drift,LFU,400,2,65,6.167101673781872
quora-drift,LFU,400,2,70,6.249989382922649
quora-drift,LFU,400,2,75,6.292015314102173
quora-drift,LFU,400,2,80,6.375019438564777
quora-drift,LFU,400,2,85,6.417045369744301
quora-drift,LFU,400,2,90,6.500049494206905
quora-drift,LFU,400,2,95,6.624963134527206
quora-drift,LFU,400,2,98,6.7909713834524155
quora-drift,LFU,400,2,99,6.875023245811462
quora-drift,LFU,400,2,99.5,7.167109288275242
quora-drift,LFU,400,2,99.9,14.708203845658531
quora-drift,FIFO,400,0,0.1,2.7079368010163307
quora-drift,FIFO,400,0,0.5,3.00002284348011
quora-drift,FIFO,400,0,1,3.290536114946008
quora-drift,FIFO,400,0,2,3.5410048440098763
quora-drift,FIFO,400,0,5,3.6670826375484467
quora-drift,FIFO,400,0,10,3.7499703466892242
quora-drift,FIFO,400,0,15,3.7919962778687477
quora-drift,FIFO,400,0,20,3.834022209048271
quora-drift,FIFO,400,0,25,3.8750004023313522
quora-drift,FIFO,400,0,30,3.9170263335108757
quora-drift,FIFO,400,0,35,3.9999140426516533
quora-drift,FIFO,400,0,40,4.041008651256561
quora-drift,FIFO,400,0,45,4.083034582436085
quora-drift,FIFO,400,0,50,4.125060513615608
quora-drift,FIFO,400,0,55,4.208064638078213
quora-drift,FIFO,400,0,60,4.624947905540466
quora-drift,FIFO,400,0,65,5.791080184280872
quora-drift,FIFO,400,0,70,5.875015631318092
quora-drift,FIFO,400,0,75,5.917041562497616
quora-drift,FIFO,400,0,80,5.999929271638393
quora-drift,FIFO,400,0,85,6.042071618139744
quora-drift,FIFO,400,0,90,6.124959327280521
quora-drift,FIFO,400,0,95,6.207963451743126
quora-drift,FIFO,400,0,98,6.292015314102173
quora-drift,FIFO,400,0,99,6.417045369744301
quora-drift,FIFO,400,0,99.5,7.58431327994917
quora-drift,FIFO,400,0,99.9,14.0830363379793
quora-drift,FIFO,400,1,0.1,2.5830231606960297
quora-drift,FIFO,400,1,0.5,2.834014594554901
quora-drift,FIFO,400,1,1,3.1669624149799347
quora-drift,FIFO,400,1,2,3.459048457443714
quora-drift,FIFO,400,1,5,3.625056706368923
quora-drift,FIFO,400,1,10,3.7499703466892242
quora-drift,FIFO,400,1,15,3.7919962778687477
quora-drift,FIFO,400,1,20,3.834022209048271
quora-drift,FIFO,400,1,25,3.8750004023313522
quora-drift,FIFO,400,1,30,3.9170263335108757
quora-drift,FIFO,400,1,35,3.9999140426516533
quora-drift,FIFO,400,1,40,4.041939973831177
quora-drift,FIFO,400,1,45,4.084082320332527
quora-drift,FIFO,400,1,50,4.167086444795132
quora-drift,FIFO,400,1,55,4.29095234721899
quora-drift,FIFO,400,1,60,5.224812775850281
quora-drift,FIFO,400,1,65,5.749985575675964
quora-drift,FIFO,400,1,70,5.834037438035011
quora-drift,FIFO,400,1,75,5.916925147175789
quora-drift,FIFO,400,1,80,5.999929271638393
quora-drift,FIFO,400,1,85,6.082933396100998
quora-drift,FIFO,400,1,90,6.125075742602348
quora-drift,FIFO,400,1,95,6.249989382922649
quora-drift,FIFO,400,1,98,6.415997631847858
quora-drift,FIFO,400,1,99,6.58305361866951
quora-drift,FIFO,400,1,99.5,8.875248022377534
quora-drift,FIFO,400,1,99.9,17.334341653623966
quora-drift,FIFO,400,2,0.1,2.584070898592472
quora-drift,FIFO,400,2,0.5,3.00002284348011
quora-drift,FIFO,400,2,1,3.249966539442539
quora-drift,FIFO,400,2,2,3.458932042121887
quora-drift,FIFO,400,2,5,3.5830307751893997
quora-drift,FIFO,400,2,10,3.6670826375484467
quora-drift,FIFO,400,2,15,3.7499703466892242
quora-drift,FIFO,400,2,20,3.7919962778687477
quora-drift,FIFO,400,2,25,3.8330908864736557
quora-drift,FIFO,400,2,30,3.8750004023313522
quora-drift,FIFO,400,2,35,3.9170263335108757
quora-drift,FIFO,400,2,40,3.9999140426516533
quora-drift,FIFO,400,2,45,4.042056389153004
quora-drift,FIFO,400,2,50,4.124944098293781
quora-drift,FIFO,400,2,55,4.208064638078213
quora-drift,FIFO,400,2,60,4.600430838763699
quora-drift,FIFO,400,2,65,5.707959644496441
quora-drift,FIFO,400,2,70,5.790963768959045
quora-drift,FIFO,400,2,75,5.833921022713184
quora-drift,FIFO,400,2,80,5.916925147175789
quora-drift,FIFO,400,2,85,5.999929271638393
quora-drift,FIFO,400,2,90,6.042071618139744
quora-drift,FIFO,400,2,95,6.1659375205636024
quora-drift,FIFO,400,2,98,6.29096757620573
quora-drift,FIFO,400,2,99,6.417045369744301
quora-drift,FIFO,400,2,99.5,8.2917284453289
quora-drift,FIFO,400,2,99.9,20.083040930330757
quora-drift,RR,400,0,0.1,2.749962732195854
quora-drift,RR,400,0,0.5,3.00002284348011
quora-drift,RR,400,0,1,3.249966539442539
quora-drift,RR,400,0,2,3.500026650726795
quora-drift,RR,400,0,5,3.7079444155097008
quora-drift,RR,400,0,10,3.750086762011051
quora-drift,RR,400,0,15,3.8329744711518288
quora-drift,RR,400,0,20,3.8750004023313522
quora-drift,RR,400,0,25,3.9170263335108757
quora-drift,RR,400,0,30,3.9589358493685722
quora-drift,RR,400,0,35,4.041008651256561
quora-drift,RR,400,0,40,4.083034582436085
quora-drift,RR,400,0,45,4.124944098293781
quora-drift,RR,400,0,50,4.167086444795132
quora-drift,RR,400,0,55,4.292000085115433
quora-drift,RR,400,0,60,6.041023880243301
quora-drift,RR,400,0,65,6.207963451743126
quora-drift,RR,400,0,70,6.250105798244476
quora-drift,RR,400,0,75,6.332993507385254
quora-drift,RR,400,0,80,6.415997631847858
quora-drift,RR,400,0,85,6.458023563027382
quora-drift,RR,400,0,90,6.541027687489986
quora-drift,RR,400,0,95,6.624963134527206
quora-drift,RR,400,0,98,6.7909713834524155
quora-drift,RR,400,0,99,6.959075108170509
quora-drift,RR,400,0,99.5,8.125295862555545
quora-drift,RR,400,0,99.9,17.54213450476607
quora-drift,RR,400,1,0.1,2.708053099922836
quora-drift,RR,400,1,0.5,3.00002284348011
quora-drift,RR,400,1,1,3.2080558594316244
quora-drift,RR,400,1,2,3.374996595084667
quora-drift,RR,400,1,5,3.500026650726795
quora-drift,RR,400,1,10,3.6669662222266197
quora-drift,RR,400,1,15,3.750086762011051
quora-drift,RR,400,1,20,3.8329744711518288
quora-drift,RR,400,1,25,3.8750004023313522
quora-drift,RR,400,1,30,3.9170263335108757
quora-drift,RR,400,1,35,3.9589358493685722
quora-drift,RR,400,1,40,4.00003045797348
quora-drift,RR,400,1,45,4.042056389153004
quora-drift,RR,400,1,50,4.124944098293781
quora-drift,RR,400,1,55,4.208064638078213
quora-drift,RR,400,1,60,5.458947271108627
quora-drift,RR,400,1,65,6.00004568696022
quora-drift,RR,400,1,70,6.208079867064953
quora-drift,RR,400,1,75,6.332993507385254
quora-drift,RR,400,1,80,6.417045369744301
quora-drift,RR,400,1,85,6.541959010064602
quora-drift,RR,400,1,90,6.666057743132114
quora-drift,RR,400,1,95,6.792019121348858
quora-drift,RR,400,1,98,6.958027370274067
quora-drift,RR,400,1,99,7.083057425916195
quora-drift,RR,400,1,99.5,7.583155529573602
quora-drift,RR,400,1,99.9,18.833056325093235
quora-drift,RR,400,2,0.1,2.7080532163381577
quora-drift,RR,400,2,0.5,3.00002284348011
quora-drift,RR,400,2,1,3.249966539442539
quora-drift,RR,400,2,2,3.459048457443714
quora-drift,RR,400,2,5,3.6669662222266197
quora-drift,RR,400,2,10,3.7919962778687477
quora-drift,RR,400,2,15,3.834022209048271
quora-drift,RR,400,2,20,3.9159785956144333
quora-drift,RR,400,2,25,3.9580045267939568
quora-drift,RR,400,2,30,3.9589358493685722
quora-drift,RR,400,2,35,4.00003045797348
quora-drift,RR,400,2,40,4.041939973831177
quora-drift,RR,400,2,45,4.083034582436085
quora-drift,RR,400,2,50,4.124944098293781
quora-drift,RR,400,2,55,4.207948222756386
quora-drift,RR,400,2,60,5.875015631318092
quora-drift,RR,400,2,65,6.291369209066033
quora-drift,RR,400,2,70,6.416928954422474
quora-drift,RR,400,2,75,6.500049494206905
quora-drift,RR,400,2,80,6.583984941244125
quora-drift,RR,400,2,85,6.66698906570673
quora-drift,RR,400,2,90,6.749993190169334
quora-drift,RR,400,2,95,6.8749068304896355
quora-drift,RR,400,2,98,7.00005330145359
quora-drift,RR,400,2,99,7.166992872953415
quora-drift,RR,400,2,99.5,7.7500008046627045
quora-drift,RR,400,2,99.9,15.750686638059634
quora-drift,ARC,400,0,0.1,3.0410010367631912
quora-drift,ARC,400,0,0.5,3.4169061109423637
quora-drift,ARC,400,0,1,3.5420525819063187
quora-drift,ARC,400,0,2,3.6660348996520042
quora-drift,ARC,400,0,5,3.8329744711518288
quora-drift,ARC,400,0,10,3.9170263335108757
quora-drift,ARC,400,0,15,4.00003045797348
quora-drift,ARC,400,0,20,4.041939973831177
quora-drift,ARC,400,0,25,4.083034582436085
quora-drift,ARC,400,0,30,4.124944098293781
quora-drift,ARC,400,0,35,4.166970029473305
quora-drift,ARC,400,0,40,4.208064638078213
quora-drift,ARC,400,0,45,4.250090569257736
quora-drift,ARC,400,0,50,4.334026016294956
quora-drift,ARC,400,0,55,4.500034265220165
quora-drift,ARC,400,0,60,5.29095996171236
quora-drift,ARC,400,0,65,12.959004379808903
quora-drift,ARC,400,0,70,13.832934200763702
quora-drift,ARC,400,0,75,15.040975995361805
quora-drift,ARC,400,0,80,15.458092093467712
quora-drift,ARC,400,0,85,15.749945305287838
quora-drift,ARC,400,0,90,15.958095900714397
quora-drift,ARC,400,0,95,16.29104372113943
quora-drift,ARC,400,0,98,16.707926988601685
quora-drift,ARC,400,0,99,17.7919864654541
quora-drift,ARC,400,0,99.5,20.000035874545574
quora-drift,ARC,400,0,99.9,28.084234567363893
quora-drift,ARC,400,1,0.1,2.7921050786972046
quora-drift,ARC,400,1,0.5,3.291060565970838
quora-drift,ARC,400,1,1,3.459048457443714
quora-drift,ARC,400,1,2,3.6659184843301773
quora-drift,ARC,400,1,5,3.7919962778687477
quora-drift,ARC,400,1,10,3.9159785956144333
quora-drift,ARC,400,1,15,3.9589358493685722
quora-drift,ARC,400,1,20,4.00003045797348
quora-drift,ARC,400,1,25,4.082918167114258
quora-drift,ARC,400,1,30,4.124944098293781
quora-drift,ARC,400,1,35,4.166970029473305
quora-drift,ARC,400,1,40,4.249974153935909
quora-drift,ARC,400,1,45,4.292000085115433
quora-drift,ARC,400,1,50,4.375004209578037
quora-drift,ARC,400,1,55,4.625064320862293
quora-drift,ARC,400,1,60,5.375011824071407
quora-drift,ARC,400,1,65,12.542004697024822
quora-drift,ARC,400,1,70,13.416982255876064
quora-drift,ARC,400,1,75,14.915945939719677
quora-drift,ARC,400,1,80,15.416997484862804
quora-drift,ARC,400,1,85,15.750061720609665
quora-drift,ARC,400,1,90,16.083940863609314
quora-drift,ARC,400,1,95,16.874982975423336
quora-drift,ARC,400,1,98,19.12587787956001
quora-drift,ARC,400,1,99,20.95843781717115
quora-drift,ARC,400,1,99.5,22.583362879231657
quora-drift,ARC,400,1,99.9,35.4173750383797
quora-drift,ARC,400,2,0.1,3.0830269679427147
quora-drift,ARC,400,2,0.5,3.375112428329885
quora-drift,ARC,400,2,1,3.5420525819063187
quora-drift,ARC,400,2,2,3.6660348996520042
quora-drift,ARC,400,2,5,3.8329744711518288
quora-drift,ARC,400,2,10,3.9580045267939568
quora-drift,ARC,400,2,15,4.00003045797348
quora-drift,ARC,400,2,20,4.041939973831177
quora-drift,ARC,400,2,25,4.083034582436085
quora-drift,ARC,400,2,30,4.124944098293781
quora-drift,ARC,400,2,35,4.166970029473305
quora-drift,ARC,400,2,40,4.208064638078213
quora-drift,ARC,400,2,45,4.249974153935909
quora-drift,ARC,400,2,50,4.332978278398514
quora-drift,ARC,400,2,55,4.458939656615257
quora-drift,ARC,400,2,60,5.249981768429279
quora-drift,ARC,400,2,65,11.749914847314358
quora-drift,ARC,400,2,70,13.582990504801273
quora-drift,ARC,400,2,75,15.166937373578548
quora-drift,ARC,400,2,80,15.625031664967537
quora-drift,ARC,400,2,85,15.833997167646885
quora-drift,ARC,400,2,90,16.041100025177002
quora-drift,ARC,400,2,95,16.291975043714046
quora-drift,ARC,400,2,98,16.666017472743988
quora-drift,ARC,400,2,99,17.083026468753815
quora-drift,ARC,400,2,99.5,18.79199407994747
quora-drift,ARC,400,2,99.9,25.833442457953208
quora-drift,ARC-exact,400,0,0.1,3.249966539442539
quora-drift,ARC-exact,400,0,0.5,3.4999102354049683
quora-drift,ARC-exact,400,0,1,3.666033735498786
quora-drift,ARC-exact,400,0,2,3.8750004023313522
quora-drift,ARC-exact,400,0,5,4.00003045797348
quora-drift,ARC-exact,400,0,10,4.084082320332527
quora-drift,ARC-exact,400,0,15,4.166970029473305
quora-drift,ARC-exact,400,0,20,4.249974153935909
quora-drift,ARC-exact,400,0,25,4.291068762540817
quora-drift,ARC-exact,400,0,30,4.333094693720341
quora-drift,ARC-exact,400,0,35,4.415982402861118
quora-drift,ARC-exact,400,0,40,4.500034265220165
quora-drift,ARC-exact,400,0,45,5.624955520033836
quora-drift,ARC-exact,400,0,50,9.333016350865364
quora-drift,ARC-exact,400,0,55,9.749899618327618
quora-drift,ARC-exact,400,0,60,10.167015716433525
quora-drift,ARC-exact,400,0,65,10.499963536858559
quora-drift,ARC-exact,400,0,70,10.66701952368021
quora-drift,ARC-exact,400,0,75,10.83302777260542
quora-drift,ARC-exact,400,0,80,10.958989150822163
quora-drift,ARC-exact,400,0,85,11.165975593030453
quora-drift,ARC-exact,400,0,90,11.375057511031628
quora-drift,ARC-exact,400,0,95,11.708005331456661
quora-drift,ARC-exact,400,0,98,12.042000889778137
quora-drift,ARC-exact,400,0,99,12.792358174920016
quora-drift,ARC-exact,400,0,99.5,15.29228815343235
quora-drift,ARC-exact,400,0,99.9,23.458379204386745
quora-drift,ARC-exact,400,1,0.1,2.7079368010163307
quora-drift,ARC-exact,400,1,0.5,3.00002284348011
quora-drift,ARC-exact,400,1,1,3.2080570235848427
quora-drift,ARC-exact,400,1,2,3.7919962778687477
quora-drift,ARC-exact,400,1,5,3.9170263335108757
quora-drift,ARC-exact,400,1,10,4.00003045797348
quora-drift,ARC-exact,400,1,15,4.082918167114258
quora-drift,ARC-exact,400,1,20,4.125060513615608
quora-drift,ARC-exact,400,1,25,4.207948222756386
quora-drift,ARC-exact,400,1,30,4.250090569257736
quora-drift,ARC-exact,400,1,35,4.37488779425621
quora-drift,ARC-exact,400,1,40,4.500034265220165
quora-drift,ARC-exact,400,1,45,5.00003807246685
quora-drift,ARC-exact,400,1,50,9.207986295223236
quora-drift,ARC-exact,400,1,55,9.37492586672306
quora-drift,ARC-exact,400,1,60,9.458046406507492
quora-drift,ARC-exact,400,1,65,9.541050530970097
quora-drift,ARC-exact,400,1,70,9.624985978007317
quora-drift,ARC-exact,400,1,75,9.707990102469921
quora-drift,ARC-exact,400,1,80,9.833020158112049
quora-drift,ARC-exact,400,1,85,9.999959729611874
quora-drift,ARC-exact,400,1,90,10.167015716433525
quora-drift,ARC-exact,400,1,95,10.458054021000862
quora-drift,ARC-exact,400,1,98,10.874937288463116
quora-drift,ARC-exact,400,1,99,11.208001524209976
quora-drift,ARC-exact,400,1,99.5,13.083196827210529
quora-drift,ARC-exact,400,1,99.9,22.084111580625656
quora-drift,ARC-exact,400,2,0.1,2.8329259948804975
quora-drift,ARC-exact,400,2,0.5,3.334018401801586
quora-drift,ARC-exact,400,2,1,3.500026650726795
quora-drift,ARC-exact,400,2,2,3.6249402910470963
quora-drift,ARC-exact,400,2,5,3.7909485399723053
quora-drift,ARC-exact,400,2,10,3.9580045267939568
quora-drift,ARC-exact,400,2,15,4.041008651256561
quora-drift,ARC-exact,400,2,20,4.0839659050107
quora-drift,ARC-exact,400,2,25,4.166038706898689
quora-drift,ARC-exact,400,2,30,4.208995960652828
quora-drift,ARC-exact,400,2,35,4.292000085115433
quora-drift,ARC-exact,400,2,40,4.458008334040642
quora-drift,ARC-exact,400,2,45,5.542067810893059
quora-drift,ARC-exact,400,2,50,9.207986295223236
quora-drift,ARC-exact,400,2,55,9.334064088761806
quora-drift,ARC-exact,400,2,60,9.458046406507492
quora-drift,ARC-exact,400,2,65,9.541981853544712
quora-drift,ARC-exact,400,2,70,9.624985978007317
quora-drift,ARC-exact,400,2,75,9.750016033649445
quora-drift,ARC-exact,400,2,80,9.915907867252827
quora-drift,ARC-exact,400,2,85,10.207993909716606
quora-drift,ARC-exact,400,2,90,10.792049579322338
quora-drift,ARC-exact,400,2,95,11.166906915605068
quora-drift,ARC-exact,400,2,98,11.499971151351929
quora-drift,ARC-exact,400,2,99,11.917380616068774
quora-drift,ARC-exact,400,2,99.5,14.125225134193938
quora-drift,ARC-exact,400,2,99.9,19.7501847287648
quora-drift,LRU-batch,400,0,0.1,2.8340144781395793
quora-drift,LRU-batch,400,0,0.5,3.250082372687757
quora-drift,LRU-batch,400,0,1,3.499501617625356
quora-drift,LRU-batch,400,0,2,3.6249402910470963
quora-drift,LRU-batch,400,0,5,3.7499703466892242
quora-drift,LRU-batch,400,0,10,3.8329744711518288
quora-drift,LRU-batch,400,0,15,3.8750004023313522
quora-drift,LRU-batch,400,0,20,3.9170263335108757
quora-drift,LRU-batch,400,0,25,3.9589358493685722
quora-drift,LRU-batch,400,0,30,4.00003045797348
quora-drift,LRU-batch,400,0,35,4.041939973831177
quora-drift,LRU-batch,400,0,40,4.083034582436085
quora-drift,LRU-batch,400,0,45,4.125060513615608
quora-drift,LRU-batch,400,0,50,4.167086444795132
quora-drift,LRU-batch,400,0,55,4.249974153935909
quora-drift,LRU-batch,400,0,60,4.332978278398514
quora-drift,LRU-batch,400,0,65,4.416913725435734
quora-drift,LRU-batch,400,0,70,4.499917849898338
quora-drift,LRU-batch,400,0,75,4.542060196399689
quora-drift,LRU-batch,400,0,80,4.624947905540466
quora-drift,LRU-batch,400,0,85,4.707952030003071
quora-drift,LRU-batch,400,0,90,4.792003892362118
quora-drift,LRU-batch,400,0,95,4.917033948004246
quora-drift,LRU-batch,400,0,98,5.084089934825897
quora-drift,LRU-batch,400,0,99,5.625491030514173
quora-drift,LRU-batch,400,0,99.5,19.67000542208633
quora-drift,LRU-batch,400,0,99.9,76.87546545639778
quora-drift,LRU-batch,400,1,0.1,3.00002284348011
quora-drift,LRU-batch,400,1,0.5,3.2079406082630157
quora-drift,LRU-batch,400,1,1,3.2919924706220627
quora-drift,LRU-batch,400,1,2,3.415157552808524
quora-drift,LRU-batch,400,1,5,3.7079444155097008
quora-drift,LRU-batch,400,1,10,3.8750004023313522
quora-drift,LRU-batch,400,1,15,3.9580045267939568
quora-drift,LRU-batch,400,1,20,4.00003045797348
quora-drift,LRU-batch,400,1,25,4.041939973831177
quora-drift,LRU-batch,400,1,30,4.083034582436085
quora-drift,LRU-batch,400,1,35,4.124944098293781
quora-drift,LRU-batch,400,1,40,4.165922291576862
quora-drift,LRU-batch,400,1,45,4.207948222756386
quora-drift,LRU-batch,400,1,50,4.249974153935909
quora-drift,LRU-batch,400,1,55,4.292000085115433
quora-drift,LRU-batch,400,1,60,4.375004209578037
quora-drift,LRU-batch,400,1,65,4.500034265220165
quora-drift,LRU-batch,400,1,70,4.583969712257385
quora-drift,LRU-batch,400,1,75,4.66697383671999
quora-drift,LRU-batch,400,1,80,4.749977961182594
quora-drift,LRU-batch,400,1,85,4.832982085645199
quora-drift,LRU-batch,400,1,90,4.917033948004246
quora-drift,LRU-batch,400,1,95,5.042064003646374
quora-drift,LRU-batch,400,1,98,5.41785731911661
quora-drift,LRU-batch,400,1,99,9.12498333491385
quora-drift,LRU-batch,400,1,99.5,36.79451474454305
quora-drift,LRU-batch,400,1,99.9,85.54138103500136
quora-drift,LRU-batch,400,2,0.1,2.834014594554901
quora-drift,LRU-batch,400,2,0.5,3.165710368193686
quora-drift,LRU-batch,400,2,1,3.2919924706220627
quora-drift,LRU-batch,400,2,2,3.4159747883677483
quora-drift,LRU-batch,400,2,5,3.583962097764015
quora-drift,LRU-batch,400,2,10,3.7499703466892242
quora-drift,LRU-batch,400,2,15,3.8329744711518288
quora-drift,LRU-batch,400,2,20,3.8750004023313522
quora-drift,LRU-batch,400,2,25,3.9169099181890488
quora-drift,LRU-batch,400,2,30,3.9580045267939568
quora-drift,LRU-batch,400,2,35,3.9999140426516533
quora-drift,LRU-batch,400,2,40,4.00003045797348
quora-drift,LRU-batch,400,2,45,4.042056389153004
quora-drift,LRU-batch,400,2,50,4.0839659050107
quora-drift,LRU-batch,400,2,55,4.165922291576862
quora-drift,LRU-batch,400,2,60,4.208995960652828
quora-drift,LRU-batch,400,2,65,4.332978278398514
quora-drift,LRU-batch,400,2,70,4.417030140757561
quora-drift,LRU-batch,400,2,75,4.500034265220165
quora-drift,LRU-batch,400,2,80,4.58303838968277
quora-drift,LRU-batch,400,2,85,4.666042514145374
quora-drift,LRU-batch,400,2,90,4.749977961182594
quora-drift,LRU-batch,400,2,95,4.875008016824722
quora-drift,LRU-batch,400,2,98,5.08397351950407
quora-drift,LRU-batch,400,2,99,6.542075425386429
quora-drift,LRU-batch,400,2,99.5,23.583575384691486
quora-drift,LRU-batch,400,2,99.9,83.20796780753881
