trace,capacity,policy,hit_rate,delta_vs_lru_pp,ci_lo_pp,ci_hi_pp,significant,false_hit_rate,lat_mean_us,lat_p99_us,evict_us_per_req,peak_heap_kb,policy_vectors,resident_mean,throughput_qps
quora-stationary,50,ARC,0.509985,10.641000000000004,10.186487499999998,11.091512500000002,True,0.00334740664538193,18.09766957303509,44.78821868542572,12.231325252796523,436.8697265625,100.0,49.920415000000006,52944.23556977951
quora-stationary,50,ARC-exact,0.5203,11.672500000000001,11.093000000000002,12.230537499999997,True,0.00259717037858087,12.613880866556428,26.104180375114083,6.832103204214945,421.75625,100.0,49.920415000000006,74726.41052144914
quora-stationary,50,LRU,0.403575,0.0,0.0,0.0,False,0.0033818653118882296,9.935788920265622,18.979345099069118,3.91331541526597,152.208203125,0.0,49.920415000000006,94521.01047730427
quora-stationary,50,LRU-batch,0.39083000000000007,-1.2745000000000002,-1.3610000000000015,-1.1890000000000007,True,0.0032630372241533997,9.209071907098405,34.02103402186181,2.769347055000253,103.54296875,0.0,45.47304,100662.424140255
quora-stationary,50,LFU,0.49860999999999994,9.503499999999999,8.766,10.226500000000001,True,0.00417032559833812,9.028054208611138,14.704437460750322,3.1015187862794846,119.5328125,0.0,49.920415000000006,103733.3511725537
quora-stationary,50,FIFO,0.35087,-5.2705,-5.528499999999998,-5.0294875,True,0.0038713327291741697,9.045801636530086,14.80031886603678,3.1778970948653296,107.225390625,0.0,49.920415000000006,103266.34437875434
quora-stationary,50,RR,0.35057,-5.300499999999999,-5.5840125,-5.025500000000001,True,0.0035705888995555303,9.628943499410525,14.979328960180265,3.5627649718662724,104.9791015625,0.0,49.920415000000006,97566.28336494013
quora-stationary,100,ARC,0.580805,9.212500000000002,8.9774875,9.419,True,0.00471601914647505,15.954577222582884,43.03815239109089,10.08030611614231,839.5859375,200.0,99.64187,59642.135241065545
quora-stationary,100,ARC-exact,0.581315,9.263499999999999,8.9004875,9.577999999999996,True,0.004469185659609741,11.868741937796585,27.93800854124122,6.046280004666187,831.520703125,200.0,99.64187,78927.82526290251
quora-stationary,100,LRU,0.48868,0.0,0.0,0.0,False,0.00452807642418357,9.33419270615559,22.455061902291902,3.142754039145075,210.96640625,0.0,99.64187,99565.86285866574
quora-stationary,100,LRU-batch,0.47626999999999997,-1.2410000000000005,-1.3299999999999996,-1.1650000000000005,True,0.00426928409226616,9.270812609465793,53.45421098172663,2.4990819045342505,205.351171875,0.0,90.29185,99099.64900729747
quora-stationary,100,LFU,0.56532,7.664,7.3399874999999986,7.961025000000001,True,0.00438449461227951,8.078436070354655,15.804103924892843,2.407425018027425,229.071484375,0.0,99.64187,114095.09935620811
quora-stationary,100,FIFO,0.43557500000000005,-5.3105,-5.5905000000000005,-5.04,True,0.004926769826175569,8.359515784541145,15.795437037013466,2.6436761918012053,210.4095703125,0.0,99.64187,110622.93430993901
quora-stationary,100,RR,0.435595,-5.3084999999999996,-5.5695125,-5.072999999999999,True,0.00529653328530834,8.753312273183838,17.3670132644474,2.8960123902652413,204.3091796875,0.0,99.64187,105862.71402384539
quora-stationary,200,ARC,0.64477,7.5329999999999995,7.306000000000001,7.768999999999996,True,0.00696248568671715,15.106360465288162,44.12525543011721,8.753522340557538,1664.19765625,400.0,198.352545,62792.53387915329
quora-stationary,200,ARC-exact,0.640555,7.111500000000001,6.801500000000002,7.4190000000000005,True,0.007351461992997429,11.921299966052175,29.867231729440288,5.5274067126447335,1651.0875,397.9,198.352545,78543.64251226725
quora-stationary,200,LRU,0.56944,0.0,0.0,0.0,False,0.00640899282946195,9.409218617365696,21.921334438957206,2.7804851840483025,419.5515625,0.0,198.352545,98589.34341804036
quora-stationary,200,LRU-batch,0.5569999999999999,-1.2440000000000018,-1.2955000000000028,-1.192987500000001,True,0.005910045302270449,8.945233122794889,79.16854566428779,2.054931898601353,408.574609375,0.0,179.37024000000002,103368.69777136706
quora-stationary,200,LFU,0.62782,5.838,5.494500000000002,6.1365124999999985,True,0.006366487168238179,8.387888793367893,17.896306468173783,2.1624018176225945,443.670703125,0.0,198.352545,110136.73165535559
quora-stationary,200,FIFO,0.5188349999999999,-5.060500000000001,-5.249500000000003,-4.869499999999998,True,0.00676286810036576,8.440707296831533,15.645604231394827,2.292291977792047,419.0611328125,0.0,198.352545,109675.71066879672
quora-stationary,200,RR,0.5187950000000001,-5.0645,-5.320512500000001,-4.798499999999998,True,0.006976291555602909,8.761070092441514,17.233561957254967,2.4883735727053136,406.7259765625,0.0,198.352545,105844.21465874571
quora-stationary,400,ARC,0.69827,5.326000000000001,5.162500000000001,5.496500000000001,True,0.009321753951084168,16.00410827959422,49.50013104826207,8.189762699767016,3321.47421875,800.0,392.06948,58901.98468771497
quora-stationary,400,ARC-exact,0.692565,4.7555,4.622500000000004,4.9025,True,0.009136056188408619,13.157382882200181,33.83346542250361,5.3623054653871804,3301.083984375,771.8,392.06948,70802.54758821698
quora-stationary,400,LRU,0.64501,0.0,0.0,0.0,False,0.00920835857017607,11.108377142227255,25.98020713776334,2.810888307285495,840.575390625,0.0,392.06948,83390.26495297294
quora-stationary,400,LRU-batch,0.63372,-1.128999999999999,-1.178499999999999,-1.0774874999999982,True,0.00933366431773135,10.336319660418667,20.95104043837622,2.1049784671049565,817.96796875,0.0,354.714875,89062.97496967946
quora-stationary,400,LFU,0.683725,3.8715000000000033,3.597987500000003,4.109500000000001,True,0.00910589371606805,9.933023415505886,20.20034578163173,2.289401570451446,869.651953125,0.0,392.06948,93017.48196893935
quora-stationary,400,FIFO,0.59986,-4.514999999999999,-4.653999999999998,-4.371499999999999,True,0.00965958160882488,10.127449272549711,20.92125534545624,2.4575809022644535,840.4955078125,0.0,392.06948,91281.97144318579
quora-stationary,400,RR,0.5998249999999998,-4.518499999999998,-4.666512499999997,-4.384499999999998,True,0.0091521851765341,10.825890169362538,22.383571951650037,2.9269423556979746,819.3919921875,0.0,392.06948,85660.6630421188
quora-stationary,800,ARC,0.7445250000000001,3.0605000000000016,2.9419875000000024,3.174500000000001,True,0.01384789291019094,19.042470299173146,57.35029699280854,7.579127256758511,6621.486328125,1600.0,761.2928449999999,50008.2863486487
quora-stationary,800,ARC-exact,0.7400100000000001,2.6090000000000013,2.507987499999999,2.7269999999999994,True,0.013600196576714518,16.362793164444156,42.99273109063492,5.026576424133964,6504.835546875,1449.5,761.2928449999999,57693.17525628684
quora-stationary,800,LRU,0.71392,0.0,0.0,0.0,False,0.01271691837918874,13.3691864652792,25.858727865852348,2.2274477797327563,1685.94140625,0.0,761.2928449999999,70553.391535097
quora-stationary,800,LRU-batch,0.7042299999999999,-0.969000000000001,-1.0120000000000007,-0.9270000000000023,True,0.011876741386533562,13.602260904735886,40.767534519545606,2.109027015394531,1640.975390625,0.0,690.7791199999999,69570.51698245898
quora-stationary,800,LFU,0.7359399999999999,2.2020000000000017,2.0029874999999984,2.391000000000003,True,0.01368864318096644,13.306017472059466,25.717038195580194,2.128057654481381,1724.395703125,0.0,761.2928449999999,70740.8583604107
quora-stationary,800,FIFO,0.67526,-3.8659999999999988,-3.9559999999999964,-3.789987499999999,True,0.01352945668573203,13.104761588037945,24.33357934933152,1.9409032491967082,1686.6306640625,0.0,761.2928449999999,71908.24389398024
quora-stationary,800,RR,0.6773299999999999,-3.658999999999999,-3.833999999999997,-3.4879874999999982,True,0.01276287841450557,13.381237158318982,27.108788141049352,2.4495043512433767,1651.4947265625,0.0,761.2928449999999,70341.24169199681
quora-stationary,1600,ARC,0.78193,0.9544999999999992,0.8944999999999991,1.0289999999999988,True,0.01745547728505013,22.819534419686534,70.14616474043572,6.592746953247115,15618.593359375,2933.1,1407.14718,42061.93425378778
quora-stationary,1600,ARC-exact,0.7808200000000001,0.8435000000000004,0.7950000000000003,0.9019999999999995,True,0.01734600154363062,20.20628106314689,54.45054895244531,4.824200657312758,13832.579296875,2628.4,1407.14718,47257.391606766534
quora-stationary,1600,LRU,0.7723850000000001,0.0,0.0,0.0,False,0.01690038557799393,17.10510492674075,30.796109582297486,1.911417085211724,3304.46484375,0.0,1407.14718,56802.87762829974
quora-stationary,1600,LRU-batch,0.76459,-0.7795000000000019,-0.8150000000000013,-0.7425000000000015,True,0.016399773942934428,22.5220258225454,69.05925716273472,2.067193372058682,3287.142578125,0.0,1292.3672950000002,42677.41316202615
quora-stationary,1600,LFU,0.7807750000000001,0.8389999999999986,0.7884999999999998,0.9009999999999985,True,0.017353542481806962,16.774356450187042,29.51280528213827,2.0265356003073975,3345.687890625,0.0,1407.14718,58649.15623549691
quora-stationary,1600,FIFO,0.7447849999999999,-2.7600000000000002,-2.841999999999999,-2.683000000000002,True,0.017378330767425974,16.366491302032955,29.062963789328883,1.6352000925689936,3307.0517578125,0.0,1407.14718,59939.13353663221
quora-stationary,1600,RR,0.7492599999999999,-2.312500000000001,-2.4134999999999995,-2.2125000000000004,True,0.01684305557520776,17.145320731797256,31.329048564657562,2.008610029006377,3240.6095703125,0.0,1407.14718,56812.104680499804
quora-drift,50,ARC,0.48816500000000007,9.108999999999998,8.880000000000003,9.3435,True,0.00343705156534392,21.06142383592669,72.84239190630603,14.338229449931532,428.62890625,100.0,49.921119999999995,45549.679809786074
quora-drift,50,ARC-exact,0.34433,-5.2745,-5.6750375,-4.925987499999999,True,0.005811539490203341,17.000184966018423,42.88841597735867,10.294916807906702,424.196875,100.0,49.921119999999995,55890.69081283396
quora-drift,50,LRU,0.397075,0.0,0.0,0.0,False,0.0030326856866585102,11.098291297093965,43.27597655355917,4.224565556505695,106.421875,0.0,49.921119999999995,83998.62301993505
quora-drift,50,LRU-batch,0.38531499999999996,-1.1759999999999997,-1.2469999999999999,-1.1010000000000002,True,0.0029502380645216398,9.83964353101328,46.82175593916312,3.0693636025534943,103.47890625,0.0,45.47955999999999,93848.29636752905
quora-drift,50,LFU,0.19688999999999995,-20.0185,-21.016,-19.016425,True,0.006885680718533639,12.349629131495021,50.471367780119074,5.075834900490008,119.70390625,0.0,49.921119999999995,75443.73662500369
quora-drift,50,FIFO,0.346365,-5.0710000000000015,-5.203500000000001,-4.9359874999999995,True,0.00326675032927908,11.248154029599391,22.962752962484917,3.978427400579676,105.9525390625,0.0,49.921119999999995,83227.37014563021
quora-drift,50,RR,0.344715,-5.236000000000001,-5.415500000000001,-5.0744875,True,0.0032685862445022106,10.45994387823157,40.44231935404231,3.943668829742819,102.9208984375,0.0,49.921119999999995,88981.8717799406
quora-drift,100,ARC,0.542075,6.155500000000001,6.015,6.297512500000003,True,0.00959921951296375,18.887485704617575,57.65483470167955,12.30384947382845,844.975390625,200.0,99.64067500000002,50455.54309390409
quora-drift,100,ARC-exact,0.367575,-11.294500000000001,-11.748024999999998,-10.890987499999998,True,0.00570833171157485,18.226511015673168,69.6007319493218,10.863728814874776,831.505078125,200.0,99.64067500000002,51876.56452328814
quora-drift,100,LRU,0.48052,0.0,0.0,0.0,False,0.00474379660246411,11.741585360141471,50.65883102361106,4.187841195962392,210.890625,0.0,99.64067500000002,78972.6249733951
quora-drift,100,LRU-batch,0.469175,-1.1344999999999998,-1.193,-1.0715000000000003,True,0.00447638775216064,9.477641261182725,56.92611110862329,2.6420797157334164,205.3140625,0.0,90.30755,97156.9378924632
quora-drift,100,LFU,0.28681,-19.371,-20.713525,-18.1389875,True,0.007614049834441239,12.271113894530572,52.39260115195047,4.724634503363632,231.590234375,0.0,99.64067500000002,75943.0070665639
quora-drift,100,FIFO,0.42939499999999997,-5.1125,-5.2335,-4.989000000000001,True,0.00449558022314904,10.176247318158858,18.975195242091992,3.2422694354318082,210.4369140625,0.0,99.64067500000002,92686.86713665168
quora-drift,100,RR,0.42832,-5.220000000000001,-5.398499999999999,-5.057999999999999,True,0.004390751940992731,11.006263422896154,45.48026341944916,3.822781783528626,204.2958984375,0.0,99.64067500000002,84737.94238048079
quora-drift,200,ARC,0.582695,2.52,2.4019999999999984,2.6440125000000014,True,0.01196811044756963,19.62593153526541,75.5552831105886,12.206860603182577,1661.290625,400.0,198.342135,48559.58635220894
quora-drift,200,ARC-exact,0.4041600000000001,-15.3335,-15.742999999999999,-14.991999999999999,True,0.016267644313256564,16.882627889863215,54.42945309914643,9.577336350339465,1650.830859375,400.0,198.342135,56017.624967623946
quora-drift,200,LRU,0.557495,0.0,0.0,0.0,False,0.01125813902399287,10.819340536254458,40.05877033341669,3.36721551255323,419.530078125,0.0,198.342135,85864.68783548562
quora-drift,200,LRU-batch,0.5463749999999999,-1.112000000000003,-1.173500000000005,-1.0504875000000014,True,0.011207607356501309,9.414256789605133,83.01002252846926,2.2457976557780057,408.589453125,0.0,179.356065,97693.22989370648
quora-drift,200,LFU,0.37798499999999996,-17.951,-18.715,-17.208499999999997,True,0.01275823606739887,12.372538712807,52.12628736626336,4.2594593949615955,445.32734375,0.0,198.342135,75162.65712221686
quora-drift,200,FIFO,0.5104899999999999,-4.7005,-4.815,-4.592987499999999,True,0.007026828144829561,9.159020531224087,17.2291832277551,2.506200156058185,419.0701171875,0.0,198.342135,101105.62624141236
quora-drift,200,RR,0.506325,-5.116999999999999,-5.259999999999998,-4.976999999999999,True,0.00760439789642145,14.722222097334452,87.71444798912823,4.6753284556325525,406.5896484375,0.0,198.342135,62790.93365700576
quora-drift,400,ARC,0.62427,0.16349999999999976,0.07848749999999807,0.2399999999999991,True,0.02013669228112531,21.217489068512805,83.98448128718867,12.194544372614473,3310.22578125,800.0,392.05517999999995,44711.17028251592
quora-drift,400,ARC-exact,0.4653149999999999,-15.732,-16.1010125,-15.341500000000002,True,0.02422146795147194,21.05919928115327,80.40519512724117,11.241042235051282,3300.13125,800.0,392.05517999999995,44784.57987284676
quora-drift,400,LRU,0.622635,0.0,0.0,0.0,False,0.01982745934793742,13.977769826888107,60.04719645716229,4.050716137862764,840.933984375,0.0,392.05517999999995,66202.3700655458
quora-drift,400,LRU-batch,0.61392,-0.8714999999999995,-0.9130125000000017,-0.8304999999999985,True,0.019104964765573502,11.24467052926775,42.85177856218042,2.474482754478231,818.3203125,0.0,354.62700499999994,81725.892328032
quora-drift,400,LFU,0.44403,-17.8605,-18.224999999999998,-17.4975,True,0.02397566398957633,13.492908384650946,45.617185067385336,4.329012532252818,873.41171875,0.0,392.05517999999995,68875.40252016686
quora-drift,400,FIFO,0.58617,-3.6465000000000005,-3.7430000000000003,-3.5280000000000014,True,0.01070603993859956,11.46759991766885,33.58820476569225,2.9351777577539906,840.4677734375,0.0,392.05517999999995,80579.17675021781
quora-drift,400,RR,0.5758300000000001,-4.6804999999999986,-4.741999999999997,-4.625,True,0.01189988212222986,19.113199384883046,97.46414504479591,6.04206635907758,819.1177734375,0.0,392.05517999999995,49169.56722927194
quora-drift,800,ARC,0.6594199999999999,-1.1140000000000017,-1.1630000000000018,-1.0634875000000008,True,0.032297638976642465,28.19168931338936,111.38547968585013,14.208528228336945,6573.9671875,1600.0,761.2850350000001,34089.57687688727
quora-drift,800,ARC-exact,0.5635700000000001,-10.699,-10.9855125,-10.401000000000005,True,0.034425417941580064,22.893995468621142,86.65514586027693,10.149373728781939,6610.44609375,1600.0,761.2850350000001,41265.078736449716
quora-drift,800,LRU,0.6705599999999999,0.0,0.0,0.0,False,0.028413821515326086,16.40080002543982,60.868263361043965,3.5590707830851898,1686.953515625,0.0,761.2850350000001,57230.13501003043
quora-drift,800,LRU-batch,0.664955,-0.5605000000000016,-0.5845000000000011,-0.5345000000000011,True,0.027159639356525746,13.262257075984962,29.49256170541031,1.9965862552635372,1641.99296875,0.0,690.8904749999999,70560.74341998073
quora-drift,800,LFU,0.5031800000000001,-16.738,-17.921,-15.483987500000001,True,0.03452040326990997,17.702948133810423,68.48423078190517,4.481816039187834,1722.7625,0.0,761.2850350000001,53130.2588984852
quora-drift,800,FIFO,0.6499650000000001,-2.059500000000002,-2.099500000000001,-2.0209999999999995,True,0.01997036874638208,14.253814674448222,34.725669655017455,2.3591963428771123,1686.5451171875,0.0,761.2850350000001,66117.18985168586
quora-drift,800,RR,0.63139,-3.9170000000000016,-4.020000000000003,-3.8205000000000005,True,0.02473236884328905,16.57935709983576,55.73435313999636,3.774482519365847,1651.4123046875,0.0,761.2850350000001,56638.04363142955
quora-drift,1600,ARC,0.690755,-0.3430000000000011,-0.4050000000000021,-0.27449999999999974,True,0.0437143889198643,31.365548255853355,113.36373025551423,12.987263450631872,15561.852734375,3200.0,1419.96847,30656.84687031199
quora-drift,1600,ARC-exact,0.68425,-0.9935000000000005,-1.0890000000000022,-0.8844874999999972,True,0.042735903585015986,28.987908936687745,98.03516487590937,7.857510968460701,15590.903515625,3105.2,1419.96847,32992.76671025681
quora-drift,1600,LRU,0.6941849999999999,0.0,0.0,0.0,False,0.04333273991235622,26.705166477477178,82.08465436473466,3.4233217558357865,3306.8546875,0.0,1419.96847,36279.85514014868
quora-drift,1600,LRU-batch,0.6906899999999999,-0.3495000000000015,-0.38200000000000345,-0.31750000000000056,True,0.04044714581195151,17.154733907082118,27.57115417625753,1.967040786985308,3289.4828125,0.0,1297.47562,55957.565578471615
quora-drift,1600,LFU,0.6178750000000001,-7.631000000000002,-8.926012500000004,-5.8919749999999995,True,0.04917479120632904,21.98125462164171,58.41836472973206,3.3648427232401446,3412.843359375,0.0,1419.96847,44757.645663381976
quora-drift,1600,FIFO,0.691265,-0.29200000000000004,-0.3179999999999972,-0.26699999999999946,True,0.03620122164428139,26.468576834886335,97.81010553706409,3.0487556394655257,3307.0240234375,0.0,1419.96847,36102.38689896694
quora-drift,1600,RR,0.6761050000000001,-1.8080000000000005,-1.8935,-1.7335,True,0.04241814000130975,27.419875276391394,91.75440936814987,3.8082706840941682,3240.5251953125,0.0,1419.96847,34962.03919615535
wildchat,50,ARC,0.27724499999999996,0.05800000000000082,0.022987499999999755,0.09150000000000047,True,0.0,28.160080578527413,90.32694285269801,21.035218433244154,422.7921875,100.0,49.91068,34207.02725492508
wildchat,50,ARC-exact,0.15591499999999997,-12.074999999999998,-12.488999999999999,-11.688999999999998,True,0.0,21.188002551789396,71.76728104241178,13.905993558000773,422.91640625,100.0,49.91068,44942.168415084205
wildchat,50,LRU,0.276665,0.0,0.0,0.0,False,0.0,10.376778519130312,20.53385600447646,4.257368012331426,104.84296875,0.0,49.91068,89893.0519283541
wildchat,50,LRU-batch,0.27447499999999997,-0.21899999999999975,-0.2299999999999985,-0.207,True,0.0,8.840403655776754,31.571206753142132,2.8828176407841966,102.334375,0.0,45.43316500000001,104394.09721457286
wildchat,50,LFU,0.09888000000000001,-17.7785,-18.166999999999998,-17.3445,True,0.0,12.39716604060959,41.56774794682842,5.371205058181658,114.785546875,0.0,49.91068,75531.8456822883
wildchat,50,FIFO,0.26997499999999997,-0.6690000000000002,-0.7050000000000006,-0.6315000000000004,True,0.0,11.549310851842165,45.52160168532271,4.409579967614263,104.5916015625,0.0,49.91068,80230.44122535759
wildchat,50,RR,0.253805,-2.286,-2.396499999999999,-2.1839874999999993,True,0.0,11.77835444745142,48.86329348664718,4.741740198805928,101.6474609375,0.0,49.91068,78928.25270046723
wildchat,100,ARC,0.290165,0.11649999999999883,0.08599999999999941,0.1414999999999983,True,0.0,27.761328816995956,88.21710140909991,20.5199540121248,830.80859375,200.0,99.62132499999998,34708.98051169299
wildchat,100,ARC-exact,0.16355999999999998,-12.544,-12.894999999999998,-12.2504875,True,0.0,20.81725020427257,62.659455928951346,13.604342905455269,833.91484375,200.0,99.62132499999998,45778.93686283856
wildchat,100,LRU,0.289,0.0,0.0,0.0,False,0.0,11.130427492316812,31.76320123020547,4.492180327652022,208.01953125,0.0,99.62132499999998,83994.61578148177
wildchat,100,LRU-batch,0.28735000000000005,-0.16500000000000015,-0.18449999999999914,-0.1454999999999984,True,0.0,8.99849530949723,48.19169535767287,2.7633728581713513,202.95859375,0.0,90.1943,102578.58920220417
wildchat,100,LFU,0.119635,-16.9365,-17.203012499999996,-16.6815,True,0.0,13.061882796464488,47.0548856537788,5.522424731752835,221.984375,0.0,99.62132499999998,71513.8111692419
wildchat,100,FIFO,0.28497,-0.4030000000000001,-0.42000000000000043,-0.38750000000000007,True,0.0,12.092926407931373,52.526330691762084,4.545824062661268,207.7056640625,0.0,99.62132499999998,76606.13197840616
wildchat,100,RR,0.27232,-1.6679999999999993,-1.7299999999999975,-1.6079999999999994,True,0.0,12.144862043205649,47.28761187288907,4.748189488891512,201.6271484375,0.0,99.62132499999998,76583.95411714618
wildchat,200,ARC,0.300885,0.22650000000000226,0.16400000000000192,0.29400000000000204,True,0.0,27.447252239799127,81.4797629136591,19.88357511931099,1653.403125,400.0,198.44082500000002,35154.273788270555
wildchat,200,ARC-exact,0.174315,-12.4305,-12.704012499999997,-12.192,True,0.0,21.833763017784804,72.00928265228849,13.930968446074985,1654.80703125,400.0,198.44082500000002,43710.60935513243
wildchat,200,LRU,0.29862,0.0,0.0,0.0,False,0.0,12.773091164999641,51.296738092787436,4.968900139792822,413.90390625,0.0,198.44082500000002,73281.43112879033
wildchat,200,LRU-batch,0.29742999999999997,-0.11899999999999966,-0.1269999999999999,-0.1110000000000011,True,0.0,9.320604504318908,83.35012150928375,2.6412947854259983,403.84140625,0.0,179.26423,99424.03052109203
wildchat,200,LFU,0.14450500000000002,-15.4115,-15.657512500000001,-15.166999999999998,True,0.0,14.031765288673341,56.57522892579429,5.620433375006542,433.379296875,0.0,198.44082500000002,66733.99624200973
wildchat,200,FIFO,0.296245,-0.23749999999999882,-0.2599999999999991,-0.21499999999999853,True,0.0,13.231939136749133,59.25929744262233,4.701076994533651,413.6384765625,0.0,198.44082500000002,70378.24867697556
wildchat,200,RR,0.28686500000000004,-1.1754999999999993,-1.2269999999999992,-1.1265000000000003,True,0.0,12.511329519329593,43.95922261755901,4.6188386948779225,401.1099609375,0.0,198.44082500000002,74748.46800783681
wildchat,400,ARC,0.31046000000000007,0.33849999999999936,0.293500000000001,0.38199999999999845,True,0.0,30.569831288885325,82.60487008374173,21.472013349994086,3317.758203125,800.0,393.749075,31506.606610417046
wildchat,400,ARC-exact,0.194515,-11.256000000000002,-11.427499999999998,-11.115000000000002,True,0.0,22.659525313065387,49.109218874946095,13.950461403583176,3308.985546875,800.0,393.749075,42102.34231776719
wildchat,400,LRU,0.30707499999999993,0.0,0.0,0.0,False,0.0,14.537325620185584,50.35901989322144,5.515363888116553,829.99921875,0.0,393.749075,64501.11479516397
wildchat,400,LRU-batch,0.30589500000000003,-0.11800000000000033,-0.13150000000000106,-0.10400000000000074,True,0.0,11.32259919657372,33.00182626116923,3.1504773697815835,808.73125,0.0,355.45337500000005,81844.32425627207
wildchat,400,LFU,0.17864,-12.843500000000002,-13.071512499999999,-12.652000000000003,True,0.0,16.30036450107582,63.225726597010954,6.356209411169402,852.198046875,0.0,393.749075,57387.605913728206
wildchat,400,FIFO,0.30474000000000007,-0.23349999999999924,-0.2529999999999988,-0.21549999999999903,True,0.0,15.321770329028368,58.184347231872174,5.334199401549995,829.7119140625,0.0,393.749075,60858.38907488341
wildchat,400,RR,0.298235,-0.8840000000000009,-0.9565000000000008,-0.8145000000000023,True,0.0,15.692711830488406,46.721862279809855,6.088516869349405,808.3271484375,0.0,393.749075,59623.0933377733
wildchat,800,ARC,0.319225,0.26399999999999924,0.18799999999999928,0.33249999999999946,True,0.0,39.48671158810612,100.47707287594643,24.547269284375943,6658.593359375,1600.0,775.5503649999999,24706.61214356987
wildchat,800,ARC-exact,0.22822500000000004,-8.836,-8.9555,-8.7234875,True,0.0,25.55469242797699,42.212893487885516,13.280748460092582,6591.9453125,1600.0,775.5503649999999,37633.50767510061
wildchat,800,LRU,0.316585,0.0,0.0,0.0,False,0.0,17.532494224142283,49.421743140555755,5.113976165885106,1665.46875,0.0,775.5503649999999,54131.23235235709
wildchat,800,LRU-batch,0.31493000000000004,-0.16550000000000065,-0.17300000000000093,-0.15699999999999992,True,0.0,14.286534188431688,19.929438829421947,2.9642798739951104,1622.8890625,0.0,700.69977,66049.72151736075
wildchat,800,LFU,0.21517,-10.1415,-10.306999999999999,-9.983487499999999,True,0.0,18.578227306716144,58.080853428691384,5.645808407571167,1696.928515625,0.0,775.5503649999999,50990.55553114078
wildchat,800,FIFO,0.314015,-0.25700000000000056,-0.2695000000000003,-0.24600000000000063,True,0.0,18.25695201405324,59.246618184260875,5.182704581529833,1665.2728515625,0.0,775.5503649999999,51637.18967789236
wildchat,800,RR,0.309795,-0.6790000000000007,-0.7400000000000012,-0.6209999999999993,True,0.0,19.277506191283464,55.334152188151926,6.201039865263738,1629.9068359375,0.0,775.5503649999999,49246.19987315086
wildchat,1600,ARC,0.32797,-0.013500000000001287,-0.0980000000000003,0.06049999999999723,False,0.0,70.57895440608263,202.76001596357648,36.44261210516561,15579.696484375,3200.0,1503.5470950000001,14032.902174674597
wildchat,1600,ARC-exact,0.29012000000000004,-3.7985000000000007,-4.0255,-3.554987500000001,True,0.0,39.29494416806847,72.55002658348528,12.684998824843206,15551.29609375,3200.0,1503.5470950000001,24886.218816455206
wildchat,1600,LRU,0.328105,0.0,0.0,0.0,False,0.0,30.615589688532054,87.77977456338692,5.71986194991041,3336.712890625,0.0,1503.5470950000001,31868.102532089943
wildchat,1600,LRU-batch,0.327005,-0.1100000000000012,-0.122000000000001,-0.0990000000000013,True,0.0,18.226851715589873,26.996188098564698,3.2554271823028103,3251.244921875,0.0,1362.942725,53645.793448849974
wildchat,1600,LFU,0.27264499999999997,-5.545999999999999,-5.741499999999999,-5.3524875000000005,True,0.0,32.42753172351513,114.25122653599806,7.369294256204739,3386.548828125,0.0,1503.5470950000001,29600.009362749865
wildchat,1600,FIFO,0.32520999999999994,-0.28950000000000087,-0.3010000000000024,-0.2765000000000001,True,0.0,29.12491189665161,87.1259246487169,5.21380357502494,3336.5244140625,0.0,1503.5470950000001,33204.55022518731
wildchat,1600,RR,0.32092,-0.7185000000000019,-0.7580000000000015,-0.6750000000000023,True,0.0,31.31617577862926,93.68893224745963,6.943140591029078,3273.2025390625,0.0,1503.5470950000001,30865.06425964156
