corpus,tau,capacity,working_set,ws_min,ws_max,ratio,predicted,measured,lo,hi
wildchat,0.8,50,10795.9,10579,10941,0.004631387841680638,8.77,0.058000000000001606,0.022987500000000126,0.09150000000000169
wildchat,0.8,100,10795.9,10579,10941,0.009262775683361276,8.77,0.11649999999999885,0.08599999999999959,0.14149999999999813
wildchat,0.8,200,10795.9,10579,10941,0.018525551366722553,8.77,0.2265000000000022,0.1640000000000022,0.29400000000000154
wildchat,0.8,400,10795.9,10579,10941,0.037051102733445106,7.57,0.33849999999999875,0.2935000000000002,0.38199999999999756
wildchat,0.8,800,10795.9,10579,10941,0.07410220546689021,4.47,0.263999999999999,0.18799999999999883,0.33249999999999924
wildchat,0.8,1600,10795.9,10579,10941,0.14820441093378042,4.47,-0.013500000000001223,-0.09799999999999968,0.060499999999997556
wildchat,0.9,50,12280.2,12151,12368,0.004071594925164085,8.77,0.058000000000001606,0.022987500000000126,0.09150000000000169
wildchat,0.9,100,12280.2,12151,12368,0.00814318985032817,8.77,0.11649999999999885,0.08599999999999959,0.14149999999999813
wildchat,0.9,200,12280.2,12151,12368,0.01628637970065634,8.77,0.2265000000000022,0.1640000000000022,0.29400000000000154
wildchat,0.9,400,12280.2,12151,12368,0.03257275940131268,7.57,0.33849999999999875,0.2935000000000002,0.38199999999999756
wildchat,0.9,800,12280.2,12151,12368,0.06514551880262535,4.47,0.263999999999999,0.18799999999999883,0.33249999999999924
wildchat,0.9,1600,12280.2,12151,12368,0.1302910376052507,4.47,-0.013500000000001223,-0.09799999999999968,0.060499999999997556
wildchat-long,0.8,50,11182.1,9078,13149,0.004471432020818987,8.77,1.3115,1.1139874999999997,1.5170125000000005
wildchat-long,0.8,100,11182.1,9078,13149,0.008942864041637974,8.77,1.2465000000000006,1.1300000000000001,1.3795250000000026
wildchat-long,0.8,200,11182.1,9078,13149,0.01788572808327595,8.77,0.9350000000000012,0.8059875000000006,1.0960000000000008
wildchat-long,0.8,400,11182.1,9078,13149,0.0357714561665519,7.57,0.5284999999999986,0.4379874999999986,0.6184999999999995
wildchat-long,0.8,800,11182.1,9078,13149,0.0715429123331038,4.47,0.3214999999999996,0.19999999999999854,0.4090125000000008
wildchat-long,0.8,1600,11182.1,9078,13149,0.1430858246662076,4.47,0.22749999999999987,0.10749999999999957,0.3309999999999996
wildchat-long,0.9,50,12650.0,10725,14310,0.003952569169960474,8.77,1.3115,1.1139874999999997,1.5170125000000005
wildchat-long,0.9,100,12650.0,10725,14310,0.007905138339920948,8.77,1.2465000000000006,1.1300000000000001,1.3795250000000026
wildchat-long,0.9,200,12650.0,10725,14310,0.015810276679841896,8.77,0.9350000000000012,0.8059875000000006,1.0960000000000008
wildchat-long,0.9,400,12650.0,10725,14310,0.03162055335968379,7.57,0.5284999999999986,0.4379874999999986,0.6184999999999995
wildchat-long,0.9,800,12650.0,10725,14310,0.06324110671936758,4.47,0.3214999999999996,0.19999999999999854,0.4090125000000008
wildchat-long,0.9,1600,12650.0,10725,14310,0.12648221343873517,4.47,0.22749999999999987,0.10749999999999957,0.3309999999999996
